{
  "lastUpdate": "08-10-2024 , 02:36:50",
  "data": [
    {
      "title": "Defensa y Justicia  Rosario Central",
      "link": "https://trends.google.com/trends/trendingsearches/daily?geo=AR#Defensa%20y%20Justicia%20%20Rosario%20Central",
      "pubdate": "Mon, 07 Oct 2024 18:00:00 -0300"
    },
    {
      "title": "Banfield  Estudiantes",
      "link": "https://trends.google.com/trends/trendingsearches/daily?geo=AR#Banfield%20%20Estudiantes",
      "pubdate": "Mon, 07 Oct 2024 18:00:00 -0300"
    },
    {
      "title": "Seleccion Argentina",
      "link": "https://trends.google.com/trends/trendingsearches/daily?geo=AR#Seleccion%20Argentina",
      "pubdate": "Mon, 07 Oct 2024 09:00:00 -0300"
    },
    {
      "title": "Barracas Central  Independiente",
      "link": "https://trends.google.com/trends/trendingsearches/daily?geo=AR#Barracas%20Central%20%20Independiente",
      "pubdate": "Mon, 07 Oct 2024 16:00:00 -0300"
    },
    {
      "title": "Atlético Tucumán  Tigre",
      "link": "https://trends.google.com/trends/trendingsearches/daily?geo=AR#Atl%C3%A9tico%20Tucum%C3%A1n%20%20Tigre",
      "pubdate": "Mon, 07 Oct 2024 21:00:00 -0300"
    },
    {
      "title": "Hospital Bonaparte",
      "link": "https://trends.google.com/trends/trendingsearches/daily?geo=AR#Hospital%20Bonaparte",
      "pubdate": "Mon, 07 Oct 2024 14:00:00 -0300"
    },
    {
      "title": "Viernes 11 de octubre es feriado",
      "link": "https://trends.google.com/trends/trendingsearches/daily?geo=AR#Viernes%2011%20de%20octubre%20es%20feriado",
      "pubdate": "Mon, 07 Oct 2024 09:00:00 -0300"
    },
    {
      "title": "Huracan Milton trayectoria",
      "link": "https://trends.google.com/trends/trendingsearches/daily?geo=AR#Huracan%20Milton%20trayectoria",
      "pubdate": "Mon, 07 Oct 2024 16:00:00 -0300"
    },
    {
      "title": "Eliminatorias",
      "link": "https://trends.google.com/trends/trendingsearches/daily?geo=AR#Eliminatorias",
      "pubdate": "Mon, 07 Oct 2024 09:00:00 -0300"
    },
    {
      "title": "Luciano Pereyra",
      "link": "https://trends.google.com/trends/trendingsearches/daily?geo=AR#Luciano%20Pereyra",
      "pubdate": "Mon, 07 Oct 2024 00:00:00 -0300"
    },
    {
      "title": "Clima Tucuman",
      "link": "https://trends.google.com/trends/trendingsearches/daily?geo=AR#Clima%20Tucuman",
      "pubdate": "Mon, 07 Oct 2024 07:00:00 -0300"
    },
    {
      "title": "Dragon Ball: Sparking! ZERO",
      "link": "https://trends.google.com/trends/trendingsearches/daily?geo=AR#Dragon%20Ball:%20Sparking!%20ZERO",
      "pubdate": "Mon, 07 Oct 2024 16:00:00 -0300"
    },
    {
      "title": "Clima Santa Fe",
      "link": "https://trends.google.com/trends/trendingsearches/daily?geo=AR#Clima%20Santa%20Fe",
      "pubdate": "Mon, 07 Oct 2024 00:00:00 -0300"
    },
    {
      "title": "7 de octubre",
      "link": "https://trends.google.com/trends/trendingsearches/daily?geo=AR#7%20de%20octubre",
      "pubdate": "Mon, 07 Oct 2024 11:00:00 -0300"
    },
    {
      "title": "Dia del Pelado",
      "link": "https://trends.google.com/trends/trendingsearches/daily?geo=AR#Dia%20del%20Pelado",
      "pubdate": "Mon, 07 Oct 2024 14:00:00 -0300"
    },
    {
      "title": "Julio Soler",
      "link": "https://trends.google.com/trends/trendingsearches/daily?geo=AR#Julio%20Soler",
      "pubdate": "Mon, 07 Oct 2024 10:00:00 -0300"
    },
    {
      "title": "San Pedro",
      "link": "https://trends.google.com/trends/trendingsearches/daily?geo=AR#San%20Pedro",
      "pubdate": "Mon, 07 Oct 2024 13:00:00 -0300"
    },
    {
      "title": "Taylor Rousseau Grigg",
      "link": "https://trends.google.com/trends/trendingsearches/daily?geo=AR#Taylor%20Rousseau%20Grigg",
      "pubdate": "Mon, 07 Oct 2024 02:00:00 -0300"
    },
    {
      "title": "Enohsa",
      "link": "https://trends.google.com/trends/trendingsearches/daily?geo=AR#Enohsa",
      "pubdate": "Mon, 07 Oct 2024 17:00:00 -0300"
    },
    {
      "title": "Chilpancingo",
      "link": "https://trends.google.com/trends/trendingsearches/daily?geo=AR#Chilpancingo",
      "pubdate": "Mon, 07 Oct 2024 15:00:00 -0300"
    }
  ]
}