{
  "lastUpdate": "31-03-2024 , 21:15:05",
  "data": [
    {
      "title": "Liverpool vs Brighton",
      "link": "https://trends.google.com/trends/trendingsearches/daily?geo=AU#Liverpool%20vs%20Brighton",
      "pubdate": "Mon, 01 Apr 2024 00:00:00 +1100"
    },
    {
      "title": "Liverpool FC",
      "link": "https://trends.google.com/trends/trendingsearches/daily?geo=AU#Liverpool%20FC",
      "pubdate": "Mon, 01 Apr 2024 00:00:00 +1100"
    },
    {
      "title": "Swans",
      "link": "https://trends.google.com/trends/trendingsearches/daily?geo=AU#Swans",
      "pubdate": "Mon, 01 Apr 2024 03:00:00 +1100"
    },
    {
      "title": "Real Madrid",
      "link": "https://trends.google.com/trends/trendingsearches/daily?geo=AU#Real%20Madrid",
      "pubdate": "Mon, 01 Apr 2024 07:00:00 +1100"
    },
    {
      "title": "SRH vs GT",
      "link": "https://trends.google.com/trends/trendingsearches/daily?geo=AU#SRH%20vs%20GT",
      "pubdate": "Mon, 01 Apr 2024 01:00:00 +1100"
    },
    {
      "title": "Premier League",
      "link": "https://trends.google.com/trends/trendingsearches/daily?geo=AU#Premier%20League",
      "pubdate": "Sun, 31 Mar 2024 07:00:00 +1100"
    },
    {
      "title": "Chance Perdomo",
      "link": "https://trends.google.com/trends/trendingsearches/daily?geo=AU#Chance%20Perdomo",
      "pubdate": "Sun, 31 Mar 2024 10:00:00 +1100"
    },
    {
      "title": "JackJumpers",
      "link": "https://trends.google.com/trends/trendingsearches/daily?geo=AU#JackJumpers",
      "pubdate": "Sun, 31 Mar 2024 17:00:00 +1100"
    },
    {
      "title": "Happy Easter",
      "link": "https://trends.google.com/trends/trendingsearches/daily?geo=AU#Happy%20Easter",
      "pubdate": "Sun, 31 Mar 2024 10:00:00 +1100"
    },
    {
      "title": "Brentford vs Man United",
      "link": "https://trends.google.com/trends/trendingsearches/daily?geo=AU#Brentford%20vs%20Man%20United",
      "pubdate": "Sun, 31 Mar 2024 08:00:00 +1100"
    },
    {
      "title": "Easter Sunday",
      "link": "https://trends.google.com/trends/trendingsearches/daily?geo=AU#Easter%20Sunday",
      "pubdate": "Sun, 31 Mar 2024 08:00:00 +1100"
    },
    {
      "title": "Newcastle vs West Ham",
      "link": "https://trends.google.com/trends/trendingsearches/daily?geo=AU#Newcastle%20vs%20West%20Ham",
      "pubdate": "Sun, 31 Mar 2024 00:00:00 +1100"
    },
    {
      "title": "Easter Bunny",
      "link": "https://trends.google.com/trends/trendingsearches/daily?geo=AU#Easter%20Bunny",
      "pubdate": "Sun, 31 Mar 2024 00:00:00 +1100"
    },
    {
      "title": "Michael Zerafa",
      "link": "https://trends.google.com/trends/trendingsearches/daily?geo=AU#Michael%20Zerafa",
      "pubdate": "Sun, 31 Mar 2024 13:00:00 +1100"
    },
    {
      "title": "What's open Easter Sunday",
      "link": "https://trends.google.com/trends/trendingsearches/daily?geo=AU#What's%20open%20Easter%20Sunday",
      "pubdate": "Sun, 31 Mar 2024 09:00:00 +1100"
    },
    {
      "title": "Elon Musk",
      "link": "https://trends.google.com/trends/trendingsearches/daily?geo=AU#Elon%20Musk",
      "pubdate": "Sun, 31 Mar 2024 21:00:00 +1100"
    },
    {
      "title": "Smoke haze Melbourne",
      "link": "https://trends.google.com/trends/trendingsearches/daily?geo=AU#Smoke%20haze%20Melbourne",
      "pubdate": "Sun, 31 Mar 2024 17:00:00 +1100"
    },
    {
      "title": "Chelsea",
      "link": "https://trends.google.com/trends/trendingsearches/daily?geo=AU#Chelsea",
      "pubdate": "Sun, 31 Mar 2024 03:00:00 +1100"
    },
    {
      "title": "Cronulla Sharks",
      "link": "https://trends.google.com/trends/trendingsearches/daily?geo=AU#Cronulla%20Sharks",
      "pubdate": "Sun, 31 Mar 2024 22:00:00 +1100"
    },
    {
      "title": "Tim Walberg",
      "link": "https://trends.google.com/trends/trendingsearches/daily?geo=AU#Tim%20Walberg",
      "pubdate": "Sun, 31 Mar 2024 21:00:00 +1100"
    }
  ]
}