{
  "lastUpdate": "06-10-2024 , 17:43:31",
  "data": [
    {
      "title": "LASK – Austria Klagenfurt",
      "link": "https://trends.google.com/trends/trendingsearches/daily?geo=AT#LASK%20%E2%80%93%20Austria%20Klagenfurt",
      "pubdate": "Sun, 06 Oct 2024 15:00:00 +0200"
    },
    {
      "title": "Eintracht Frankfurt – Bayern",
      "link": "https://trends.google.com/trends/trendingsearches/daily?geo=AT#Eintracht%20Frankfurt%20%E2%80%93%20Bayern",
      "pubdate": "Sun, 06 Oct 2024 17:00:00 +0200"
    },
    {
      "title": "Alaves – Barcelona",
      "link": "https://trends.google.com/trends/trendingsearches/daily?geo=AT#Alaves%20%E2%80%93%20Barcelona",
      "pubdate": "Sun, 06 Oct 2024 16:00:00 +0200"
    },
    {
      "title": "Trump",
      "link": "https://trends.google.com/trends/trendingsearches/daily?geo=AT#Trump",
      "pubdate": "Sun, 06 Oct 2024 11:00:00 +0200"
    },
    {
      "title": "Ried – St. Pölten",
      "link": "https://trends.google.com/trends/trendingsearches/daily?geo=AT#Ried%20%E2%80%93%20St.%20P%C3%B6lten",
      "pubdate": "Sun, 06 Oct 2024 11:00:00 +0200"
    },
    {
      "title": "Heidenheim – RB Leipzig",
      "link": "https://trends.google.com/trends/trendingsearches/daily?geo=AT#Heidenheim%20%E2%80%93%20RB%20Leipzig",
      "pubdate": "Sun, 06 Oct 2024 16:00:00 +0200"
    },
    {
      "title": "Greta Thunberg",
      "link": "https://trends.google.com/trends/trendingsearches/daily?geo=AT#Greta%20Thunberg",
      "pubdate": "Sun, 06 Oct 2024 09:00:00 +0200"
    },
    {
      "title": "Altach",
      "link": "https://trends.google.com/trends/trendingsearches/daily?geo=AT#Altach",
      "pubdate": "Sun, 06 Oct 2024 15:00:00 +0200"
    },
    {
      "title": "MotoGP Japan",
      "link": "https://trends.google.com/trends/trendingsearches/daily?geo=AT#MotoGP%20Japan",
      "pubdate": "Sun, 06 Oct 2024 10:00:00 +0200"
    },
    {
      "title": "Jack Doherty",
      "link": "https://trends.google.com/trends/trendingsearches/daily?geo=AT#Jack%20Doherty",
      "pubdate": "Sun, 06 Oct 2024 11:00:00 +0200"
    },
    {
      "title": "Juventus – Cagliari",
      "link": "https://trends.google.com/trends/trendingsearches/daily?geo=AT#Juventus%20%E2%80%93%20Cagliari",
      "pubdate": "Sun, 06 Oct 2024 14:00:00 +0200"
    },
    {
      "title": "Sturm Salzburg",
      "link": "https://trends.google.com/trends/trendingsearches/daily?geo=AT#Sturm%20Salzburg",
      "pubdate": "Sun, 06 Oct 2024 18:00:00 +0200"
    },
    {
      "title": "Stephan Schulmeister",
      "link": "https://trends.google.com/trends/trendingsearches/daily?geo=AT#Stephan%20Schulmeister",
      "pubdate": "Sun, 06 Oct 2024 17:00:00 +0200"
    },
    {
      "title": "Liefering – Austria Lustenau",
      "link": "https://trends.google.com/trends/trendingsearches/daily?geo=AT#Liefering%20%E2%80%93%20Austria%20Lustenau",
      "pubdate": "Sun, 06 Oct 2024 14:00:00 +0200"
    },
    {
      "title": "Erntedankfest 2024",
      "link": "https://trends.google.com/trends/trendingsearches/daily?geo=AT#Erntedankfest%202024",
      "pubdate": "Sun, 06 Oct 2024 10:00:00 +0200"
    },
    {
      "title": "Waterworld",
      "link": "https://trends.google.com/trends/trendingsearches/daily?geo=AT#Waterworld",
      "pubdate": "Sun, 06 Oct 2024 00:00:00 +0200"
    },
    {
      "title": "Altach Rapid",
      "link": "https://trends.google.com/trends/trendingsearches/daily?geo=AT#Altach%20Rapid",
      "pubdate": "Sun, 06 Oct 2024 17:00:00 +0200"
    },
    {
      "title": "Verbot!",
      "link": "https://trends.google.com/trends/trendingsearches/daily?geo=AT#Verbot!",
      "pubdate": "Sun, 06 Oct 2024 16:00:00 +0200"
    },
    {
      "title": "Real Madrid – Villarreal",
      "link": "https://trends.google.com/trends/trendingsearches/daily?geo=AT#Real%20Madrid%20%E2%80%93%20Villarreal",
      "pubdate": "Sat, 05 Oct 2024 21:00:00 +0200"
    },
    {
      "title": "Lange Nacht der Museen",
      "link": "https://trends.google.com/trends/trendingsearches/daily?geo=AT#Lange%20Nacht%20der%20Museen",
      "pubdate": "Sat, 05 Oct 2024 00:00:00 +0200"
    }
  ]
}