{
  "lastUpdate": "21-07-2024 , 14:37:15",
  "data": [
    {
      "title": "Belgische nationale feestdag",
      "link": "https://trends.google.com/trends/trendingsearches/daily?geo=BE#Belgische%20nationale%20feestdag",
      "pubdate": "Sun, 21 Jul 2024 01:00:00 +0200"
    },
    {
      "title": "Haute-Marne",
      "link": "https://trends.google.com/trends/trendingsearches/daily?geo=BE#Haute-Marne",
      "pubdate": "Sun, 21 Jul 2024 13:00:00 +0200"
    },
    {
      "title": "Grand Prix f1",
      "link": "https://trends.google.com/trends/trendingsearches/daily?geo=BE#Grand%20Prix%20f1",
      "pubdate": "Sun, 21 Jul 2024 12:00:00 +0200"
    },
    {
      "title": "Yemen",
      "link": "https://trends.google.com/trends/trendingsearches/daily?geo=BE#Yemen",
      "pubdate": "Sun, 21 Jul 2024 00:00:00 +0200"
    },
    {
      "title": "Jake Paul",
      "link": "https://trends.google.com/trends/trendingsearches/daily?geo=BE#Jake%20Paul",
      "pubdate": "Sun, 21 Jul 2024 09:00:00 +0200"
    },
    {
      "title": "Mike Perry",
      "link": "https://trends.google.com/trends/trendingsearches/daily?geo=BE#Mike%20Perry",
      "pubdate": "Sun, 21 Jul 2024 10:00:00 +0200"
    },
    {
      "title": "Haakon de Norvège",
      "link": "https://trends.google.com/trends/trendingsearches/daily?geo=BE#Haakon%20de%20Norv%C3%A8ge",
      "pubdate": "Sun, 21 Jul 2024 14:00:00 +0200"
    },
    {
      "title": "Johan Verminnen",
      "link": "https://trends.google.com/trends/trendingsearches/daily?geo=BE#Johan%20Verminnen",
      "pubdate": "Sun, 21 Jul 2024 13:00:00 +0200"
    },
    {
      "title": "Lost Frequencies",
      "link": "https://trends.google.com/trends/trendingsearches/daily?geo=BE#Lost%20Frequencies",
      "pubdate": "Sun, 21 Jul 2024 13:00:00 +0200"
    },
    {
      "title": "Fête nationale de la Belgique",
      "link": "https://trends.google.com/trends/trendingsearches/daily?geo=BE#F%C3%AAte%20nationale%20de%20la%20Belgique",
      "pubdate": "Sat, 20 Jul 2024 17:00:00 +0200"
    },
    {
      "title": "Club Brugge  Union",
      "link": "https://trends.google.com/trends/trendingsearches/daily?geo=BE#Club%20Brugge%20%20Union",
      "pubdate": "Sat, 20 Jul 2024 20:00:00 +0200"
    },
    {
      "title": "F1",
      "link": "https://trends.google.com/trends/trendingsearches/daily?geo=BE#F1",
      "pubdate": "Sat, 20 Jul 2024 17:00:00 +0200"
    },
    {
      "title": "Anderlecht",
      "link": "https://trends.google.com/trends/trendingsearches/daily?geo=BE#Anderlecht",
      "pubdate": "Sat, 20 Jul 2024 17:00:00 +0200"
    },
    {
      "title": "KRC Genk",
      "link": "https://trends.google.com/trends/trendingsearches/daily?geo=BE#KRC%20Genk",
      "pubdate": "Sat, 20 Jul 2024 21:00:00 +0200"
    },
    {
      "title": "Nick Bril",
      "link": "https://trends.google.com/trends/trendingsearches/daily?geo=BE#Nick%20Bril",
      "pubdate": "Sat, 20 Jul 2024 15:00:00 +0200"
    },
    {
      "title": "Abram Stockman",
      "link": "https://trends.google.com/trends/trendingsearches/daily?geo=BE#Abram%20Stockman",
      "pubdate": "Sat, 20 Jul 2024 21:00:00 +0200"
    },
    {
      "title": "Feu d'artifice 21 juillet 2024",
      "link": "https://trends.google.com/trends/trendingsearches/daily?geo=BE#Feu%20d'artifice%2021%20juillet%202024",
      "pubdate": "Sat, 20 Jul 2024 15:00:00 +0200"
    },
    {
      "title": "Clint Eastwood",
      "link": "https://trends.google.com/trends/trendingsearches/daily?geo=BE#Clint%20Eastwood",
      "pubdate": "Sat, 20 Jul 2024 11:00:00 +0200"
    },
    {
      "title": "Nice",
      "link": "https://trends.google.com/trends/trendingsearches/daily?geo=BE#Nice",
      "pubdate": "Sat, 20 Jul 2024 18:00:00 +0200"
    },
    {
      "title": "Gladiator",
      "link": "https://trends.google.com/trends/trendingsearches/daily?geo=BE#Gladiator",
      "pubdate": "Sat, 20 Jul 2024 22:00:00 +0200"
    }
  ]
}