{
  "lastUpdate": "08-07-2024 , 15:27:30",
  "data": [
    {
      "title": "Feriado 9 de julho",
      "link": "https://trends.google.com/trends/trendingsearches/daily?geo=BR#Feriado%209%20de%20julho",
      "pubdate": "Mon, 08 Jul 2024 07:00:00 -0500"
    },
    {
      "title": "Botafogo x Atlético-MG",
      "link": "https://trends.google.com/trends/trendingsearches/daily?geo=BR#Botafogo%20x%20Atl%C3%A9tico-MG",
      "pubdate": "Sun, 07 Jul 2024 17:00:00 -0500"
    },
    {
      "title": "Internacional x Vasco da Gama",
      "link": "https://trends.google.com/trends/trendingsearches/daily?geo=BR#Internacional%20x%20Vasco%20da%20Gama",
      "pubdate": "Sun, 07 Jul 2024 15:00:00 -0500"
    },
    {
      "title": "Vasco",
      "link": "https://trends.google.com/trends/trendingsearches/daily?geo=BR#Vasco",
      "pubdate": "Sun, 07 Jul 2024 19:00:00 -0500"
    },
    {
      "title": "Juventude x Grêmio",
      "link": "https://trends.google.com/trends/trendingsearches/daily?geo=BR#Juventude%20x%20Gr%C3%AAmio",
      "pubdate": "Sun, 07 Jul 2024 14:00:00 -0500"
    },
    {
      "title": "Fortaleza x Fluminense",
      "link": "https://trends.google.com/trends/trendingsearches/daily?geo=BR#Fortaleza%20x%20Fluminense",
      "pubdate": "Sun, 07 Jul 2024 10:00:00 -0500"
    },
    {
      "title": "Coritiba x Paysandu",
      "link": "https://trends.google.com/trends/trendingsearches/daily?geo=BR#Coritiba%20x%20Paysandu",
      "pubdate": "Sun, 07 Jul 2024 09:00:00 -0500"
    },
    {
      "title": "EC Vitória x Criciúma",
      "link": "https://trends.google.com/trends/trendingsearches/daily?geo=BR#EC%20Vit%C3%B3ria%20x%20Crici%C3%BAma",
      "pubdate": "Sun, 07 Jul 2024 16:00:00 -0500"
    },
    {
      "title": "Ana Maria Braga",
      "link": "https://trends.google.com/trends/trendingsearches/daily?geo=BR#Ana%20Maria%20Braga",
      "pubdate": "Sun, 07 Jul 2024 14:00:00 -0500"
    },
    {
      "title": "Sport",
      "link": "https://trends.google.com/trends/trendingsearches/daily?geo=BR#Sport",
      "pubdate": "Sun, 07 Jul 2024 18:00:00 -0500"
    },
    {
      "title": "Antonio Banderas",
      "link": "https://trends.google.com/trends/trendingsearches/daily?geo=BR#Antonio%20Banderas",
      "pubdate": "Sun, 07 Jul 2024 14:00:00 -0500"
    },
    {
      "title": "Eleições na França",
      "link": "https://trends.google.com/trends/trendingsearches/daily?geo=BR#Elei%C3%A7%C3%B5es%20na%20Fran%C3%A7a",
      "pubdate": "Sun, 07 Jul 2024 15:00:00 -0500"
    },
    {
      "title": "Ituano x Botafogo-SP",
      "link": "https://trends.google.com/trends/trendingsearches/daily?geo=BR#Ituano%20x%20Botafogo-SP",
      "pubdate": "Sun, 07 Jul 2024 15:00:00 -0500"
    },
    {
      "title": "Juliano Floss",
      "link": "https://trends.google.com/trends/trendingsearches/daily?geo=BR#Juliano%20Floss",
      "pubdate": "Sun, 07 Jul 2024 14:00:00 -0500"
    },
    {
      "title": "Atletico GO",
      "link": "https://trends.google.com/trends/trendingsearches/daily?geo=BR#Atletico%20GO",
      "pubdate": "Sun, 07 Jul 2024 23:00:00 -0500"
    },
    {
      "title": "Margot Robbie",
      "link": "https://trends.google.com/trends/trendingsearches/daily?geo=BR#Margot%20Robbie",
      "pubdate": "Sun, 07 Jul 2024 12:00:00 -0500"
    },
    {
      "title": "Lewis Hamilton",
      "link": "https://trends.google.com/trends/trendingsearches/daily?geo=BR#Lewis%20Hamilton",
      "pubdate": "Sun, 07 Jul 2024 11:00:00 -0500"
    },
    {
      "title": "Vasco da Gama",
      "link": "https://trends.google.com/trends/trendingsearches/daily?geo=BR#Vasco%20da%20Gama",
      "pubdate": "Sun, 07 Jul 2024 19:00:00 -0500"
    },
    {
      "title": "BYD",
      "link": "https://trends.google.com/trends/trendingsearches/daily?geo=BR#BYD",
      "pubdate": "Sun, 07 Jul 2024 19:00:00 -0500"
    },
    {
      "title": "Dudu",
      "link": "https://trends.google.com/trends/trendingsearches/daily?geo=BR#Dudu",
      "pubdate": "Sun, 07 Jul 2024 18:00:00 -0500"
    }
  ]
}