{
  "lastUpdate": "01-04-2024 , 04:24:59",
  "data": [
    {
      "title": "Man City vs Arsenal",
      "link": "https://trends.google.com/trends/trendingsearches/daily?geo=CA#Man%20City%20vs%20Arsenal",
      "pubdate": "Sun, 31 Mar 2024 10:00:00 -0400"
    },
    {
      "title": "Happy Easter",
      "link": "https://trends.google.com/trends/trendingsearches/daily?geo=CA#Happy%20Easter",
      "pubdate": "Sun, 31 Mar 2024 08:00:00 -0400"
    },
    {
      "title": "Easter",
      "link": "https://trends.google.com/trends/trendingsearches/daily?geo=CA#Easter",
      "pubdate": "Sun, 31 Mar 2024 13:00:00 -0400"
    },
    {
      "title": "Real Madrid",
      "link": "https://trends.google.com/trends/trendingsearches/daily?geo=CA#Real%20Madrid",
      "pubdate": "Sun, 31 Mar 2024 15:00:00 -0400"
    },
    {
      "title": "Ramy Youssef",
      "link": "https://trends.google.com/trends/trendingsearches/daily?geo=CA#Ramy%20Youssef",
      "pubdate": "Sun, 31 Mar 2024 00:00:00 -0400"
    },
    {
      "title": "Maxi",
      "link": "https://trends.google.com/trends/trendingsearches/daily?geo=CA#Maxi",
      "pubdate": "Sun, 31 Mar 2024 13:00:00 -0400"
    },
    {
      "title": "He is risen",
      "link": "https://trends.google.com/trends/trendingsearches/daily?geo=CA#He%20is%20risen",
      "pubdate": "Sun, 31 Mar 2024 08:00:00 -0400"
    },
    {
      "title": "What Is open on Easter Sunday",
      "link": "https://trends.google.com/trends/trendingsearches/daily?geo=CA#What%20Is%20open%20on%20Easter%20Sunday",
      "pubdate": "Sun, 31 Mar 2024 02:00:00 -0400"
    },
    {
      "title": "Liverpool vs Brighton",
      "link": "https://trends.google.com/trends/trendingsearches/daily?geo=CA#Liverpool%20vs%20Brighton",
      "pubdate": "Sun, 31 Mar 2024 10:00:00 -0400"
    },
    {
      "title": "DJ Burns",
      "link": "https://trends.google.com/trends/trendingsearches/daily?geo=CA#DJ%20Burns",
      "pubdate": "Sun, 31 Mar 2024 20:00:00 -0400"
    },
    {
      "title": "Rashee Rice",
      "link": "https://trends.google.com/trends/trendingsearches/daily?geo=CA#Rashee%20Rice",
      "pubdate": "Sun, 31 Mar 2024 13:00:00 -0400"
    },
    {
      "title": "Purdue",
      "link": "https://trends.google.com/trends/trendingsearches/daily?geo=CA#Purdue",
      "pubdate": "Sun, 31 Mar 2024 20:00:00 -0400"
    },
    {
      "title": "PSG",
      "link": "https://trends.google.com/trends/trendingsearches/daily?geo=CA#PSG",
      "pubdate": "Sun, 31 Mar 2024 11:00:00 -0400"
    },
    {
      "title": "Trans Day of Visibility",
      "link": "https://trends.google.com/trends/trendingsearches/daily?geo=CA#Trans%20Day%20of%20Visibility",
      "pubdate": "Sun, 31 Mar 2024 11:00:00 -0400"
    },
    {
      "title": "Easter Bunny",
      "link": "https://trends.google.com/trends/trendingsearches/daily?geo=CA#Easter%20Bunny",
      "pubdate": "Sun, 31 Mar 2024 09:00:00 -0400"
    },
    {
      "title": "Easter Monday",
      "link": "https://trends.google.com/trends/trendingsearches/daily?geo=CA#Easter%20Monday",
      "pubdate": "Sun, 31 Mar 2024 20:00:00 -0400"
    },
    {
      "title": "King Charles",
      "link": "https://trends.google.com/trends/trendingsearches/daily?geo=CA#King%20Charles",
      "pubdate": "Sun, 31 Mar 2024 20:00:00 -0400"
    },
    {
      "title": "Under Armour",
      "link": "https://trends.google.com/trends/trendingsearches/daily?geo=CA#Under%20Armour",
      "pubdate": "Sun, 31 Mar 2024 04:00:00 -0400"
    },
    {
      "title": "Alexis Lafrenière",
      "link": "https://trends.google.com/trends/trendingsearches/daily?geo=CA#Alexis%20Lafreni%C3%A8re",
      "pubdate": "Sun, 31 Mar 2024 00:00:00 -0400"
    },
    {
      "title": "Chris Weidman",
      "link": "https://trends.google.com/trends/trendingsearches/daily?geo=CA#Chris%20Weidman",
      "pubdate": "Sun, 31 Mar 2024 00:00:00 -0400"
    }
  ]
}