{
  "lastUpdate": "21-06-2023 , 08:56:12",
  "data": [
    {
      "title": "Portugal vs",
      "link": "https://trends.google.com/trends/trendingsearches/daily?geo=CL#Portugal%20vs",
      "pubdate": "Tue, 20 Jun 2023 15:00:00 -0400"
    },
    {
      "title": "Seleccion Chilena",
      "link": "https://trends.google.com/trends/trendingsearches/daily?geo=CL#Seleccion%20Chilena",
      "pubdate": "Tue, 20 Jun 2023 18:00:00 -0400"
    },
    {
      "title": "Alemania vs",
      "link": "https://trends.google.com/trends/trendingsearches/daily?geo=CL#Alemania%20vs",
      "pubdate": "Tue, 20 Jun 2023 15:00:00 -0400"
    },
    {
      "title": "Brasil  Senegal",
      "link": "https://trends.google.com/trends/trendingsearches/daily?geo=CL#Brasil%20%20Senegal",
      "pubdate": "Tue, 20 Jun 2023 15:00:00 -0400"
    },
    {
      "title": "Rodrigo Pica",
      "link": "https://trends.google.com/trends/trendingsearches/daily?geo=CL#Rodrigo%20Pica",
      "pubdate": "Tue, 20 Jun 2023 21:00:00 -0400"
    },
    {
      "title": "Jere Klein",
      "link": "https://trends.google.com/trends/trendingsearches/daily?geo=CL#Jere%20Klein",
      "pubdate": "Tue, 20 Jun 2023 12:00:00 -0400"
    },
    {
      "title": "Uruguay  Cuba",
      "link": "https://trends.google.com/trends/trendingsearches/daily?geo=CL#Uruguay%20%20Cuba",
      "pubdate": "Tue, 20 Jun 2023 19:00:00 -0400"
    },
    {
      "title": "Peru vs japon",
      "link": "https://trends.google.com/trends/trendingsearches/daily?geo=CL#Peru%20vs%20japon",
      "pubdate": "Tue, 20 Jun 2023 06:00:00 -0400"
    },
    {
      "title": "Amistosos",
      "link": "https://trends.google.com/trends/trendingsearches/daily?geo=CL#Amistosos",
      "pubdate": "Tue, 20 Jun 2023 19:00:00 -0400"
    },
    {
      "title": "Santa Cruz de la Sierra",
      "link": "https://trends.google.com/trends/trendingsearches/daily?geo=CL#Santa%20Cruz%20de%20la%20Sierra",
      "pubdate": "Tue, 20 Jun 2023 19:00:00 -0400"
    },
    {
      "title": "Por que es feriado el 21 de junio",
      "link": "https://trends.google.com/trends/trendingsearches/daily?geo=CL#Por%20que%20es%20feriado%20el%2021%20de%20junio",
      "pubdate": "Tue, 20 Jun 2023 21:00:00 -0400"
    },
    {
      "title": "Subsidio de Arriendo",
      "link": "https://trends.google.com/trends/trendingsearches/daily?geo=CL#Subsidio%20de%20Arriendo",
      "pubdate": "Tue, 20 Jun 2023 16:00:00 -0400"
    },
    {
      "title": "Diputada perez",
      "link": "https://trends.google.com/trends/trendingsearches/daily?geo=CL#Diputada%20perez",
      "pubdate": "Tue, 20 Jun 2023 18:00:00 -0400"
    },
    {
      "title": "LATAM Chile",
      "link": "https://trends.google.com/trends/trendingsearches/daily?geo=CL#LATAM%20Chile",
      "pubdate": "Tue, 20 Jun 2023 08:00:00 -0400"
    },
    {
      "title": "Carlos Alcaraz",
      "link": "https://trends.google.com/trends/trendingsearches/daily?geo=CL#Carlos%20Alcaraz",
      "pubdate": "Tue, 20 Jun 2023 13:00:00 -0400"
    },
    {
      "title": "Dime con quien andas",
      "link": "https://trends.google.com/trends/trendingsearches/daily?geo=CL#Dime%20con%20quien%20andas",
      "pubdate": "Tue, 20 Jun 2023 23:00:00 -0400"
    },
    {
      "title": "Morrissey",
      "link": "https://trends.google.com/trends/trendingsearches/daily?geo=CL#Morrissey",
      "pubdate": "Tue, 20 Jun 2023 16:00:00 -0400"
    },
    {
      "title": "Ben Brereton",
      "link": "https://trends.google.com/trends/trendingsearches/daily?geo=CL#Ben%20Brereton",
      "pubdate": "Tue, 20 Jun 2023 22:00:00 -0400"
    },
    {
      "title": "Brasil",
      "link": "https://trends.google.com/trends/trendingsearches/daily?geo=CL#Brasil",
      "pubdate": "Tue, 20 Jun 2023 18:00:00 -0400"
    },
    {
      "title": "Noche de San Juan",
      "link": "https://trends.google.com/trends/trendingsearches/daily?geo=CL#Noche%20de%20San%20Juan",
      "pubdate": "Tue, 20 Jun 2023 22:00:00 -0400"
    }
  ]
}