{
  "lastUpdate": "13-10-2024 , 11:20:51",
  "data": [
    {
      "title": "Villa de Leyva",
      "link": "https://trends.google.com/trends/trendingsearches/daily?geo=CO#Villa%20de%20Leyva",
      "pubdate": "Sun, 13 Oct 2024 00:00:00 -0500"
    },
    {
      "title": "Bivol vs Beterbiev",
      "link": "https://trends.google.com/trends/trendingsearches/daily?geo=CO#Bivol%20vs%20Beterbiev",
      "pubdate": "Sun, 13 Oct 2024 00:00:00 -0500"
    },
    {
      "title": "La Equidad  Junior",
      "link": "https://trends.google.com/trends/trendingsearches/daily?geo=CO#La%20Equidad%20%20Junior",
      "pubdate": "Sat, 12 Oct 2024 18:00:00 -0500"
    },
    {
      "title": "Bucaramanga  Deportivo Pereira",
      "link": "https://trends.google.com/trends/trendingsearches/daily?geo=CO#Bucaramanga%20%20Deportivo%20Pereira",
      "pubdate": "Sat, 12 Oct 2024 20:00:00 -0500"
    },
    {
      "title": "Portugal",
      "link": "https://trends.google.com/trends/trendingsearches/daily?geo=CO#Portugal",
      "pubdate": "Sat, 12 Oct 2024 15:00:00 -0500"
    },
    {
      "title": "Croacia  Escocia",
      "link": "https://trends.google.com/trends/trendingsearches/daily?geo=CO#Croacia%20%20Escocia",
      "pubdate": "Sat, 12 Oct 2024 11:00:00 -0500"
    },
    {
      "title": "Plateado, Cauca",
      "link": "https://trends.google.com/trends/trendingsearches/daily?geo=CO#Plateado,%20Cauca",
      "pubdate": "Sat, 12 Oct 2024 18:00:00 -0500"
    },
    {
      "title": "Estados Unidos  Panamá",
      "link": "https://trends.google.com/trends/trendingsearches/daily?geo=CO#Estados%20Unidos%20%20Panam%C3%A1",
      "pubdate": "Sat, 12 Oct 2024 21:00:00 -0500"
    },
    {
      "title": "Dia de la Raza",
      "link": "https://trends.google.com/trends/trendingsearches/daily?geo=CO#Dia%20de%20la%20Raza",
      "pubdate": "Sat, 12 Oct 2024 09:00:00 -0500"
    },
    {
      "title": "Nicolás Petro",
      "link": "https://trends.google.com/trends/trendingsearches/daily?geo=CO#Nicol%C3%A1s%20Petro",
      "pubdate": "Sat, 12 Oct 2024 12:00:00 -0500"
    },
    {
      "title": "Irvine Everest",
      "link": "https://trends.google.com/trends/trendingsearches/daily?geo=CO#Irvine%20Everest",
      "pubdate": "Sat, 12 Oct 2024 21:00:00 -0500"
    },
    {
      "title": "Pico y placa sabado 12 de octubre",
      "link": "https://trends.google.com/trends/trendingsearches/daily?geo=CO#Pico%20y%20placa%20sabado%2012%20de%20octubre",
      "pubdate": "Sat, 12 Oct 2024 01:00:00 -0500"
    },
    {
      "title": "Natalia paris",
      "link": "https://trends.google.com/trends/trendingsearches/daily?geo=CO#Natalia%20paris",
      "pubdate": "Sat, 12 Oct 2024 18:00:00 -0500"
    },
    {
      "title": "Perú vs Uruguay",
      "link": "https://trends.google.com/trends/trendingsearches/daily?geo=CO#Per%C3%BA%20vs%20Uruguay",
      "pubdate": "Sat, 12 Oct 2024 03:00:00 -0500"
    },
    {
      "title": "12 de octubre",
      "link": "https://trends.google.com/trends/trendingsearches/daily?geo=CO#12%20de%20octubre",
      "pubdate": "Sat, 12 Oct 2024 13:00:00 -0500"
    },
    {
      "title": "YouTube YouTube",
      "link": "https://trends.google.com/trends/trendingsearches/daily?geo=CO#YouTube%20YouTube",
      "pubdate": "Sat, 12 Oct 2024 21:00:00 -0500"
    },
    {
      "title": "América  Millonarios",
      "link": "https://trends.google.com/trends/trendingsearches/daily?geo=CO#Am%C3%A9rica%20%20Millonarios",
      "pubdate": "Fri, 11 Oct 2024 17:00:00 -0500"
    },
    {
      "title": "Polonia  Portugal",
      "link": "https://trends.google.com/trends/trendingsearches/daily?geo=CO#Polonia%20%20Portugal",
      "pubdate": "Fri, 11 Oct 2024 09:00:00 -0500"
    },
    {
      "title": "Perú - Uruguay",
      "link": "https://trends.google.com/trends/trendingsearches/daily?geo=CO#Per%C3%BA%20-%20Uruguay",
      "pubdate": "Fri, 11 Oct 2024 13:00:00 -0500"
    },
    {
      "title": "España - Dinamarca",
      "link": "https://trends.google.com/trends/trendingsearches/daily?geo=CO#Espa%C3%B1a%20-%20Dinamarca",
      "pubdate": "Fri, 11 Oct 2024 11:00:00 -0500"
    }
  ]
}