{
  "lastUpdate": "31-10-2024 , 19:54:25",
  "data": [
    {
      "title": "Toussaint",
      "link": "https://trends.google.com/trends/trendingsearches/daily?geo=FR#Toussaint",
      "pubdate": "Thu, 31 Oct 2024 17:00:00 +0100"
    },
    {
      "title": "Pascal Praud",
      "link": "https://trends.google.com/trends/trendingsearches/daily?geo=FR#Pascal%20Praud",
      "pubdate": "Thu, 31 Oct 2024 16:00:00 +0100"
    },
    {
      "title": "Poupette Kenza",
      "link": "https://trends.google.com/trends/trendingsearches/daily?geo=FR#Poupette%20Kenza",
      "pubdate": "Thu, 31 Oct 2024 16:00:00 +0100"
    },
    {
      "title": "1er novembre",
      "link": "https://trends.google.com/trends/trendingsearches/daily?geo=FR#1er%20novembre",
      "pubdate": "Thu, 31 Oct 2024 19:00:00 +0100"
    },
    {
      "title": "Monsieur POF",
      "link": "https://trends.google.com/trends/trendingsearches/daily?geo=FR#Monsieur%20POF",
      "pubdate": "Thu, 31 Oct 2024 05:00:00 +0100"
    },
    {
      "title": "1er novembre Férié",
      "link": "https://trends.google.com/trends/trendingsearches/daily?geo=FR#1er%20novembre%20F%C3%A9ri%C3%A9",
      "pubdate": "Thu, 31 Oct 2024 18:00:00 +0100"
    },
    {
      "title": "Claude Lelouch",
      "link": "https://trends.google.com/trends/trendingsearches/daily?geo=FR#Claude%20Lelouch",
      "pubdate": "Thu, 31 Oct 2024 00:00:00 +0100"
    },
    {
      "title": "Juventus",
      "link": "https://trends.google.com/trends/trendingsearches/daily?geo=FR#Juventus",
      "pubdate": "Thu, 31 Oct 2024 05:00:00 +0100"
    },
    {
      "title": "Saint-Quentin",
      "link": "https://trends.google.com/trends/trendingsearches/daily?geo=FR#Saint-Quentin",
      "pubdate": "Thu, 31 Oct 2024 14:00:00 +0100"
    },
    {
      "title": "Spirou et la gorgone bleue",
      "link": "https://trends.google.com/trends/trendingsearches/daily?geo=FR#Spirou%20et%20la%20gorgone%20bleue",
      "pubdate": "Thu, 31 Oct 2024 20:00:00 +0100"
    },
    {
      "title": "Poutine",
      "link": "https://trends.google.com/trends/trendingsearches/daily?geo=FR#Poutine",
      "pubdate": "Thu, 31 Oct 2024 00:00:00 +0100"
    },
    {
      "title": "Antoine alleno",
      "link": "https://trends.google.com/trends/trendingsearches/daily?geo=FR#Antoine%20alleno",
      "pubdate": "Thu, 31 Oct 2024 19:00:00 +0100"
    },
    {
      "title": "SNU",
      "link": "https://trends.google.com/trends/trendingsearches/daily?geo=FR#SNU",
      "pubdate": "Thu, 31 Oct 2024 19:00:00 +0100"
    },
    {
      "title": "Happy Halloween",
      "link": "https://trends.google.com/trends/trendingsearches/daily?geo=FR#Happy%20Halloween",
      "pubdate": "Thu, 31 Oct 2024 19:00:00 +0100"
    },
    {
      "title": "1 novembre",
      "link": "https://trends.google.com/trends/trendingsearches/daily?geo=FR#1%20novembre",
      "pubdate": "Thu, 31 Oct 2024 19:00:00 +0100"
    },
    {
      "title": "Valence Espagne",
      "link": "https://trends.google.com/trends/trendingsearches/daily?geo=FR#Valence%20Espagne",
      "pubdate": "Wed, 30 Oct 2024 08:00:00 +0100"
    },
    {
      "title": "Halloween",
      "link": "https://trends.google.com/trends/trendingsearches/daily?geo=FR#Halloween",
      "pubdate": "Wed, 30 Oct 2024 18:00:00 +0100"
    },
    {
      "title": "La Petite Maison dans la Prairie",
      "link": "https://trends.google.com/trends/trendingsearches/daily?geo=FR#La%20Petite%20Maison%20dans%20la%20Prairie",
      "pubdate": "Wed, 30 Oct 2024 19:00:00 +0100"
    },
    {
      "title": "Christiane Taubira",
      "link": "https://trends.google.com/trends/trendingsearches/daily?geo=FR#Christiane%20Taubira",
      "pubdate": "Wed, 30 Oct 2024 22:00:00 +0100"
    },
    {
      "title": "Tirage Coupe de France",
      "link": "https://trends.google.com/trends/trendingsearches/daily?geo=FR#Tirage%20Coupe%20de%20France",
      "pubdate": "Wed, 30 Oct 2024 13:00:00 +0100"
    }
  ]
}