{
  "lastUpdate": "21-06-2024 , 14:43:38",
  "data": [
    {
      "title": "Bangladesh vs Australia",
      "link": "https://trends.google.com/trends/trendingsearches/daily?geo=IN#Bangladesh%20vs%20Australia",
      "pubdate": "Fri, 21 Jun 2024 00:30:00 +0530"
    },
    {
      "title": "Spain vs Italy",
      "link": "https://trends.google.com/trends/trendingsearches/daily?geo=IN#Spain%20vs%20Italy",
      "pubdate": "Fri, 21 Jun 2024 00:30:00 +0530"
    },
    {
      "title": "Virat Kohli",
      "link": "https://trends.google.com/trends/trendingsearches/daily?geo=IN#Virat%20Kohli",
      "pubdate": "Fri, 21 Jun 2024 08:30:00 +0530"
    },
    {
      "title": "World Music Day",
      "link": "https://trends.google.com/trends/trendingsearches/daily?geo=IN#World%20Music%20Day",
      "pubdate": "Fri, 21 Jun 2024 10:30:00 +0530"
    },
    {
      "title": "Rishabh Pant",
      "link": "https://trends.google.com/trends/trendingsearches/daily?geo=IN#Rishabh%20Pant",
      "pubdate": "Fri, 21 Jun 2024 07:30:00 +0530"
    },
    {
      "title": "Yoga Day images",
      "link": "https://trends.google.com/trends/trendingsearches/daily?geo=IN#Yoga%20Day%20images",
      "pubdate": "Fri, 21 Jun 2024 09:30:00 +0530"
    },
    {
      "title": "Pink Dolphins",
      "link": "https://trends.google.com/trends/trendingsearches/daily?geo=IN#Pink%20Dolphins",
      "pubdate": "Fri, 21 Jun 2024 11:30:00 +0530"
    },
    {
      "title": "Donald Sutherland",
      "link": "https://trends.google.com/trends/trendingsearches/daily?geo=IN#Donald%20Sutherland",
      "pubdate": "Fri, 21 Jun 2024 02:30:00 +0530"
    },
    {
      "title": "Sania Mirza",
      "link": "https://trends.google.com/trends/trendingsearches/daily?geo=IN#Sania%20Mirza",
      "pubdate": "Fri, 21 Jun 2024 17:30:00 +0530"
    },
    {
      "title": "Ullozhukku",
      "link": "https://trends.google.com/trends/trendingsearches/daily?geo=IN#Ullozhukku",
      "pubdate": "Fri, 21 Jun 2024 01:30:00 +0530"
    },
    {
      "title": "Hooch tragedy",
      "link": "https://trends.google.com/trends/trendingsearches/daily?geo=IN#Hooch%20tragedy",
      "pubdate": "Fri, 21 Jun 2024 12:30:00 +0530"
    },
    {
      "title": "Bigg Boss OTT Season 3",
      "link": "https://trends.google.com/trends/trendingsearches/daily?geo=IN#Bigg%20Boss%20OTT%20Season%203",
      "pubdate": "Fri, 21 Jun 2024 13:30:00 +0530"
    },
    {
      "title": "Summer solstice",
      "link": "https://trends.google.com/trends/trendingsearches/daily?geo=IN#Summer%20solstice",
      "pubdate": "Fri, 21 Jun 2024 15:30:00 +0530"
    },
    {
      "title": "Spain",
      "link": "https://trends.google.com/trends/trendingsearches/daily?geo=IN#Spain",
      "pubdate": "Fri, 21 Jun 2024 13:30:00 +0530"
    },
    {
      "title": "Music Day",
      "link": "https://trends.google.com/trends/trendingsearches/daily?geo=IN#Music%20Day",
      "pubdate": "Fri, 21 Jun 2024 18:30:00 +0530"
    },
    {
      "title": "West Indies vs England",
      "link": "https://trends.google.com/trends/trendingsearches/daily?geo=IN#West%20Indies%20vs%20England",
      "pubdate": "Thu, 20 Jun 2024 06:30:00 +0530"
    },
    {
      "title": "Copa America",
      "link": "https://trends.google.com/trends/trendingsearches/daily?geo=IN#Copa%20America",
      "pubdate": "Thu, 20 Jun 2024 13:30:00 +0530"
    },
    {
      "title": "Yoga Day",
      "link": "https://trends.google.com/trends/trendingsearches/daily?geo=IN#Yoga%20Day",
      "pubdate": "Thu, 20 Jun 2024 23:30:00 +0530"
    },
    {
      "title": "David Johnson",
      "link": "https://trends.google.com/trends/trendingsearches/daily?geo=IN#David%20Johnson",
      "pubdate": "Thu, 20 Jun 2024 15:30:00 +0530"
    },
    {
      "title": "Suryakumar Yadav",
      "link": "https://trends.google.com/trends/trendingsearches/daily?geo=IN#Suryakumar%20Yadav",
      "pubdate": "Thu, 20 Jun 2024 20:30:00 +0530"
    }
  ]
}