{
  "lastUpdate": "27-10-2024 , 15:47:56",
  "data": [
    {
      "title": "West Ham vs Man utd",
      "link": "https://trends.google.com/trends/trendingsearches/daily?geo=ID#West%20Ham%20vs%20Man%20utd",
      "pubdate": "Sun, 27 Oct 2024 21:00:00 +0700"
    },
    {
      "title": "PSS vs Persita",
      "link": "https://trends.google.com/trends/trendingsearches/daily?geo=ID#PSS%20vs%20Persita",
      "pubdate": "Sun, 27 Oct 2024 15:00:00 +0700"
    },
    {
      "title": "28 Oktober Hari apa",
      "link": "https://trends.google.com/trends/trendingsearches/daily?geo=ID#28%20Oktober%20Hari%20apa",
      "pubdate": "Sun, 27 Oct 2024 18:00:00 +0700"
    },
    {
      "title": "Bali United vs Persis",
      "link": "https://trends.google.com/trends/trendingsearches/daily?geo=ID#Bali%20United%20vs%20Persis",
      "pubdate": "Sun, 27 Oct 2024 19:00:00 +0700"
    },
    {
      "title": "Chelsea vs Newcastle",
      "link": "https://trends.google.com/trends/trendingsearches/daily?geo=ID#Chelsea%20vs%20Newcastle",
      "pubdate": "Sun, 27 Oct 2024 20:00:00 +0700"
    },
    {
      "title": "Twente vs Heracles",
      "link": "https://trends.google.com/trends/trendingsearches/daily?geo=ID#Twente%20vs%20Heracles",
      "pubdate": "Sun, 27 Oct 2024 20:00:00 +0700"
    },
    {
      "title": "FC Barcelona",
      "link": "https://trends.google.com/trends/trendingsearches/daily?geo=ID#FC%20Barcelona",
      "pubdate": "Sun, 27 Oct 2024 02:00:00 +0700"
    },
    {
      "title": "MotoGP Thailand",
      "link": "https://trends.google.com/trends/trendingsearches/daily?geo=ID#MotoGP%20Thailand",
      "pubdate": "Sun, 27 Oct 2024 12:00:00 +0700"
    },
    {
      "title": "Wojciech szczęsny",
      "link": "https://trends.google.com/trends/trendingsearches/daily?geo=ID#Wojciech%20szcz%C4%99sny",
      "pubdate": "Sun, 27 Oct 2024 07:00:00 +0700"
    },
    {
      "title": "Kode redeem FF",
      "link": "https://trends.google.com/trends/trendingsearches/daily?geo=ID#Kode%20redeem%20FF",
      "pubdate": "Sun, 27 Oct 2024 09:00:00 +0700"
    },
    {
      "title": "Madura United",
      "link": "https://trends.google.com/trends/trendingsearches/daily?geo=ID#Madura%20United",
      "pubdate": "Sun, 27 Oct 2024 15:00:00 +0700"
    },
    {
      "title": "Janda kaya nikahi pemuda nganggur",
      "link": "https://trends.google.com/trends/trendingsearches/daily?geo=ID#Janda%20kaya%20nikahi%20pemuda%20nganggur",
      "pubdate": "Sun, 27 Oct 2024 12:00:00 +0700"
    },
    {
      "title": "Everton",
      "link": "https://trends.google.com/trends/trendingsearches/daily?geo=ID#Everton",
      "pubdate": "Sun, 27 Oct 2024 01:00:00 +0700"
    },
    {
      "title": "Herve Renard",
      "link": "https://trends.google.com/trends/trendingsearches/daily?geo=ID#Herve%20Renard",
      "pubdate": "Sun, 27 Oct 2024 21:00:00 +0700"
    },
    {
      "title": "Madrid vs Barcelona",
      "link": "https://trends.google.com/trends/trendingsearches/daily?geo=ID#Madrid%20vs%20Barcelona",
      "pubdate": "Sat, 26 Oct 2024 06:00:00 +0700"
    },
    {
      "title": "Arema FC vs Persija Jakarta",
      "link": "https://trends.google.com/trends/trendingsearches/daily?geo=ID#Arema%20FC%20vs%20Persija%20Jakarta",
      "pubdate": "Sat, 26 Oct 2024 19:00:00 +0700"
    },
    {
      "title": "Man City vs Southampton",
      "link": "https://trends.google.com/trends/trendingsearches/daily?geo=ID#Man%20City%20vs%20Southampton",
      "pubdate": "Sat, 26 Oct 2024 21:00:00 +0700"
    },
    {
      "title": "Inter Miami vs Atlanta United",
      "link": "https://trends.google.com/trends/trendingsearches/daily?geo=ID#Inter%20Miami%20vs%20Atlanta%20United",
      "pubdate": "Sat, 26 Oct 2024 00:00:00 +0700"
    },
    {
      "title": "LaLiga",
      "link": "https://trends.google.com/trends/trendingsearches/daily?geo=ID#LaLiga",
      "pubdate": "Sat, 26 Oct 2024 18:00:00 +0700"
    },
    {
      "title": "Leicester vs Nottingham Forest",
      "link": "https://trends.google.com/trends/trendingsearches/daily?geo=ID#Leicester%20vs%20Nottingham%20Forest",
      "pubdate": "Sat, 26 Oct 2024 02:00:00 +0700"
    }
  ]
}