{
  "lastUpdate": "27-10-2024 , 20:41:33",
  "data": [
    {
      "title": "Arsenal vs Liverpool",
      "link": "https://trends.google.com/trends/trendingsearches/daily?geo=IE#Arsenal%20vs%20Liverpool",
      "pubdate": "Sun, 27 Oct 2024 14:00:00 +0000"
    },
    {
      "title": "West Ham vs Man United",
      "link": "https://trends.google.com/trends/trendingsearches/daily?geo=IE#West%20Ham%20vs%20Man%20United",
      "pubdate": "Sun, 27 Oct 2024 14:00:00 +0000"
    },
    {
      "title": "Colin Farrell",
      "link": "https://trends.google.com/trends/trendingsearches/daily?geo=IE#Colin%20Farrell",
      "pubdate": "Sun, 27 Oct 2024 13:00:00 +0000"
    },
    {
      "title": "What time is it",
      "link": "https://trends.google.com/trends/trendingsearches/daily?geo=IE#What%20time%20is%20it",
      "pubdate": "Sun, 27 Oct 2024 02:00:00 +0000"
    },
    {
      "title": "Chelsea vs Newcastle",
      "link": "https://trends.google.com/trends/trendingsearches/daily?geo=IE#Chelsea%20vs%20Newcastle",
      "pubdate": "Sun, 27 Oct 2024 14:00:00 +0000"
    },
    {
      "title": "Crystal Palace vs Tottenham",
      "link": "https://trends.google.com/trends/trendingsearches/daily?geo=IE#Crystal%20Palace%20vs%20Tottenham",
      "pubdate": "Sun, 27 Oct 2024 14:00:00 +0000"
    },
    {
      "title": "Motherwell vs Celtic",
      "link": "https://trends.google.com/trends/trendingsearches/daily?geo=IE#Motherwell%20vs%20Celtic",
      "pubdate": "Sun, 27 Oct 2024 16:00:00 +0000"
    },
    {
      "title": "Macnas parade Galway",
      "link": "https://trends.google.com/trends/trendingsearches/daily?geo=IE#Macnas%20parade%20Galway",
      "pubdate": "Sun, 27 Oct 2024 19:00:00 +0000"
    },
    {
      "title": "Dundalk vs Shamrock Rovers",
      "link": "https://trends.google.com/trends/trendingsearches/daily?geo=IE#Dundalk%20vs%20Shamrock%20Rovers",
      "pubdate": "Sun, 27 Oct 2024 18:00:00 +0000"
    },
    {
      "title": "Leeds United",
      "link": "https://trends.google.com/trends/trendingsearches/daily?geo=IE#Leeds%20United",
      "pubdate": "Sun, 27 Oct 2024 10:00:00 +0000"
    },
    {
      "title": "Ireland weather",
      "link": "https://trends.google.com/trends/trendingsearches/daily?geo=IE#Ireland%20weather",
      "pubdate": "Sun, 27 Oct 2024 14:00:00 +0000"
    },
    {
      "title": "Time change",
      "link": "https://trends.google.com/trends/trendingsearches/daily?geo=IE#Time%20change",
      "pubdate": "Sun, 27 Oct 2024 08:00:00 +0000"
    },
    {
      "title": "Doon v Na Piarsaigh",
      "link": "https://trends.google.com/trends/trendingsearches/daily?geo=IE#Doon%20v%20Na%20Piarsaigh",
      "pubdate": "Sun, 27 Oct 2024 18:00:00 +0000"
    },
    {
      "title": "Willie Nelson",
      "link": "https://trends.google.com/trends/trendingsearches/daily?geo=IE#Willie%20Nelson",
      "pubdate": "Sun, 27 Oct 2024 15:00:00 +0000"
    },
    {
      "title": "Mexico GP",
      "link": "https://trends.google.com/trends/trendingsearches/daily?geo=IE#Mexico%20GP",
      "pubdate": "Sun, 27 Oct 2024 14:00:00 +0000"
    },
    {
      "title": "Yousef Palani",
      "link": "https://trends.google.com/trends/trendingsearches/daily?geo=IE#Yousef%20Palani",
      "pubdate": "Sun, 27 Oct 2024 16:00:00 +0000"
    },
    {
      "title": "Georgia",
      "link": "https://trends.google.com/trends/trendingsearches/daily?geo=IE#Georgia",
      "pubdate": "Sun, 27 Oct 2024 18:00:00 +0000"
    },
    {
      "title": "Emma Fogarty",
      "link": "https://trends.google.com/trends/trendingsearches/daily?geo=IE#Emma%20Fogarty",
      "pubdate": "Sun, 27 Oct 2024 19:00:00 +0000"
    },
    {
      "title": "Limerick GAA",
      "link": "https://trends.google.com/trends/trendingsearches/daily?geo=IE#Limerick%20GAA",
      "pubdate": "Sun, 27 Oct 2024 18:00:00 +0000"
    },
    {
      "title": "Inter vs Juventus",
      "link": "https://trends.google.com/trends/trendingsearches/daily?geo=IE#Inter%20vs%20Juventus",
      "pubdate": "Sun, 27 Oct 2024 19:00:00 +0000"
    }
  ]
}