{
  "lastUpdate": "03-06-2024 , 11:58:44",
  "data": [
    {
      "title": "Alcaraz",
      "link": "https://trends.google.com/trends/trendingsearches/daily?geo=IT#Alcaraz",
      "pubdate": "Mon, 03 Jun 2024 07:00:00 +0200"
    },
    {
      "title": "Claudia Sheinbaum",
      "link": "https://trends.google.com/trends/trendingsearches/daily?geo=IT#Claudia%20Sheinbaum",
      "pubdate": "Mon, 03 Jun 2024 09:00:00 +0200"
    },
    {
      "title": "Terremoto giappone",
      "link": "https://trends.google.com/trends/trendingsearches/daily?geo=IT#Terremoto%20giappone",
      "pubdate": "Mon, 03 Jun 2024 08:00:00 +0200"
    },
    {
      "title": "Rupert Murdoch",
      "link": "https://trends.google.com/trends/trendingsearches/daily?geo=IT#Rupert%20Murdoch",
      "pubdate": "Mon, 03 Jun 2024 09:00:00 +0200"
    },
    {
      "title": "Elisabetta Franchi",
      "link": "https://trends.google.com/trends/trendingsearches/daily?geo=IT#Elisabetta%20Franchi",
      "pubdate": "Mon, 03 Jun 2024 13:00:00 +0200"
    },
    {
      "title": "Depay",
      "link": "https://trends.google.com/trends/trendingsearches/daily?geo=IT#Depay",
      "pubdate": "Mon, 03 Jun 2024 10:00:00 +0200"
    },
    {
      "title": "Giulio Regeni",
      "link": "https://trends.google.com/trends/trendingsearches/daily?geo=IT#Giulio%20Regeni",
      "pubdate": "Mon, 03 Jun 2024 00:00:00 +0200"
    },
    {
      "title": "Maldive",
      "link": "https://trends.google.com/trends/trendingsearches/daily?geo=IT#Maldive",
      "pubdate": "Mon, 03 Jun 2024 09:00:00 +0200"
    },
    {
      "title": "Meteo Perugia",
      "link": "https://trends.google.com/trends/trendingsearches/daily?geo=IT#Meteo%20Perugia",
      "pubdate": "Mon, 03 Jun 2024 09:00:00 +0200"
    },
    {
      "title": "Ecobonus auto 2024",
      "link": "https://trends.google.com/trends/trendingsearches/daily?geo=IT#Ecobonus%20auto%202024",
      "pubdate": "Mon, 03 Jun 2024 13:00:00 +0200"
    },
    {
      "title": "Alvina Isola dei Famosi",
      "link": "https://trends.google.com/trends/trendingsearches/daily?geo=IT#Alvina%20Isola%20dei%20Famosi",
      "pubdate": "Mon, 03 Jun 2024 01:00:00 +0200"
    },
    {
      "title": "Borghi",
      "link": "https://trends.google.com/trends/trendingsearches/daily?geo=IT#Borghi",
      "pubdate": "Mon, 03 Jun 2024 13:00:00 +0200"
    },
    {
      "title": "Venezuela",
      "link": "https://trends.google.com/trends/trendingsearches/daily?geo=IT#Venezuela",
      "pubdate": "Mon, 03 Jun 2024 13:00:00 +0200"
    },
    {
      "title": "Sciopero treni 3 giugno 2024",
      "link": "https://trends.google.com/trends/trendingsearches/daily?geo=IT#Sciopero%20treni%203%20giugno%202024",
      "pubdate": "Mon, 03 Jun 2024 13:00:00 +0200"
    },
    {
      "title": "Festa della Repubblica Italiana",
      "link": "https://trends.google.com/trends/trendingsearches/daily?geo=IT#Festa%20della%20Repubblica%20Italiana",
      "pubdate": "Sun, 02 Jun 2024 01:00:00 +0200"
    },
    {
      "title": "Sinner oggi",
      "link": "https://trends.google.com/trends/trendingsearches/daily?geo=IT#Sinner%20oggi",
      "pubdate": "Sun, 02 Jun 2024 19:00:00 +0200"
    },
    {
      "title": "Atalanta-Fiorentina",
      "link": "https://trends.google.com/trends/trendingsearches/daily?geo=IT#Atalanta-Fiorentina",
      "pubdate": "Sun, 02 Jun 2024 18:00:00 +0200"
    },
    {
      "title": "Venezia-Cremonese",
      "link": "https://trends.google.com/trends/trendingsearches/daily?geo=IT#Venezia-Cremonese",
      "pubdate": "Sun, 02 Jun 2024 11:00:00 +0200"
    },
    {
      "title": "Serie C",
      "link": "https://trends.google.com/trends/trendingsearches/daily?geo=IT#Serie%20C",
      "pubdate": "Sun, 02 Jun 2024 11:00:00 +0200"
    },
    {
      "title": "Arnaldi",
      "link": "https://trends.google.com/trends/trendingsearches/daily?geo=IT#Arnaldi",
      "pubdate": "Sun, 02 Jun 2024 16:00:00 +0200"
    }
  ]
}