{
  "lastUpdate": "30-10-2024 , 19:55:11",
  "data": [
    {
      "title": "EFL Cup",
      "link": "https://trends.google.com/trends/trendingsearches/daily?geo=KE#EFL%20Cup",
      "pubdate": "Wed, 30 Oct 2024 12:00:00 +0300"
    },
    {
      "title": "Chelsea vs Newcastle",
      "link": "https://trends.google.com/trends/trendingsearches/daily?geo=KE#Chelsea%20vs%20Newcastle",
      "pubdate": "Wed, 30 Oct 2024 19:00:00 +0300"
    },
    {
      "title": "Carabao Cup",
      "link": "https://trends.google.com/trends/trendingsearches/daily?geo=KE#Carabao%20Cup",
      "pubdate": "Wed, 30 Oct 2024 18:00:00 +0300"
    },
    {
      "title": "Brighton vs Liverpool",
      "link": "https://trends.google.com/trends/trendingsearches/daily?geo=KE#Brighton%20vs%20Liverpool",
      "pubdate": "Wed, 30 Oct 2024 13:00:00 +0300"
    },
    {
      "title": "Preston vs Arsenal",
      "link": "https://trends.google.com/trends/trendingsearches/daily?geo=KE#Preston%20vs%20Arsenal",
      "pubdate": "Wed, 30 Oct 2024 15:00:00 +0300"
    },
    {
      "title": "Is Diwali a public holiday in Kenya",
      "link": "https://trends.google.com/trends/trendingsearches/daily?geo=KE#Is%20Diwali%20a%20public%20holiday%20in%20Kenya",
      "pubdate": "Wed, 30 Oct 2024 14:00:00 +0300"
    },
    {
      "title": "Diwali",
      "link": "https://trends.google.com/trends/trendingsearches/daily?geo=KE#Diwali",
      "pubdate": "Wed, 30 Oct 2024 15:00:00 +0300"
    },
    {
      "title": "Man U vs Leicester",
      "link": "https://trends.google.com/trends/trendingsearches/daily?geo=KE#Man%20U%20vs%20Leicester",
      "pubdate": "Wed, 30 Oct 2024 20:00:00 +0300"
    },
    {
      "title": "Al-Nassr",
      "link": "https://trends.google.com/trends/trendingsearches/daily?geo=KE#Al-Nassr",
      "pubdate": "Wed, 30 Oct 2024 21:00:00 +0300"
    },
    {
      "title": "Aston Villa vs Crystal Palace",
      "link": "https://trends.google.com/trends/trendingsearches/daily?geo=KE#Aston%20Villa%20vs%20Crystal%20Palace",
      "pubdate": "Wed, 30 Oct 2024 16:00:00 +0300"
    },
    {
      "title": "Chelsea FC",
      "link": "https://trends.google.com/trends/trendingsearches/daily?geo=KE#Chelsea%20FC",
      "pubdate": "Wed, 30 Oct 2024 22:00:00 +0300"
    },
    {
      "title": "Warriors vs Pelicans",
      "link": "https://trends.google.com/trends/trendingsearches/daily?geo=KE#Warriors%20vs%20Pelicans",
      "pubdate": "Wed, 30 Oct 2024 10:00:00 +0300"
    },
    {
      "title": "Valencia",
      "link": "https://trends.google.com/trends/trendingsearches/daily?geo=KE#Valencia",
      "pubdate": "Wed, 30 Oct 2024 18:00:00 +0300"
    },
    {
      "title": "Ballon dór",
      "link": "https://trends.google.com/trends/trendingsearches/daily?geo=KE#Ballon%20d%C3%B3r",
      "pubdate": "Wed, 30 Oct 2024 14:00:00 +0300"
    },
    {
      "title": "When is Halloween",
      "link": "https://trends.google.com/trends/trendingsearches/daily?geo=KE#When%20is%20Halloween",
      "pubdate": "Wed, 30 Oct 2024 21:00:00 +0300"
    },
    {
      "title": "Conservatory orders",
      "link": "https://trends.google.com/trends/trendingsearches/daily?geo=KE#Conservatory%20orders",
      "pubdate": "Wed, 30 Oct 2024 13:00:00 +0300"
    },
    {
      "title": "Milan vs Napoli",
      "link": "https://trends.google.com/trends/trendingsearches/daily?geo=KE#Milan%20vs%20Napoli",
      "pubdate": "Tue, 29 Oct 2024 15:00:00 +0300"
    },
    {
      "title": "KenGen",
      "link": "https://trends.google.com/trends/trendingsearches/daily?geo=KE#KenGen",
      "pubdate": "Tue, 29 Oct 2024 09:00:00 +0300"
    },
    {
      "title": "Brentford",
      "link": "https://trends.google.com/trends/trendingsearches/daily?geo=KE#Brentford",
      "pubdate": "Tue, 29 Oct 2024 23:00:00 +0300"
    },
    {
      "title": "Diwali holiday",
      "link": "https://trends.google.com/trends/trendingsearches/daily?geo=KE#Diwali%20holiday",
      "pubdate": "Tue, 29 Oct 2024 12:00:00 +0300"
    }
  ]
}