{
  "lastUpdate": "01-04-2024 , 06:52:16",
  "data": [
    {
      "title": "Hernia",
      "link": "https://trends.google.com/trends/trendingsearches/daily?geo=MY#Hernia",
      "pubdate": "Mon, 01 Apr 2024 00:00:00 +0800"
    },
    {
      "title": "APRIL FOOL!",
      "link": "https://trends.google.com/trends/trendingsearches/daily?geo=MY#APRIL%20FOOL!",
      "pubdate": "Mon, 01 Apr 2024 01:00:00 +0800"
    },
    {
      "title": "Namewee",
      "link": "https://trends.google.com/trends/trendingsearches/daily?geo=MY#Namewee",
      "pubdate": "Mon, 01 Apr 2024 07:00:00 +0800"
    },
    {
      "title": "Katchatheevu island",
      "link": "https://trends.google.com/trends/trendingsearches/daily?geo=MY#Katchatheevu%20island",
      "pubdate": "Mon, 01 Apr 2024 01:00:00 +0800"
    },
    {
      "title": "April fools day",
      "link": "https://trends.google.com/trends/trendingsearches/daily?geo=MY#April%20fools%20day",
      "pubdate": "Mon, 01 Apr 2024 09:00:00 +0800"
    },
    {
      "title": "Tim Walberg",
      "link": "https://trends.google.com/trends/trendingsearches/daily?geo=MY#Tim%20Walberg",
      "pubdate": "Mon, 01 Apr 2024 10:00:00 +0800"
    },
    {
      "title": "BABYMONSTER",
      "link": "https://trends.google.com/trends/trendingsearches/daily?geo=MY#BABYMONSTER",
      "pubdate": "Mon, 01 Apr 2024 05:00:00 +0800"
    },
    {
      "title": "Padu",
      "link": "https://trends.google.com/trends/trendingsearches/daily?geo=MY#Padu",
      "pubdate": "Sun, 31 Mar 2024 15:00:00 +0800"
    },
    {
      "title": "Brentford vs Man United",
      "link": "https://trends.google.com/trends/trendingsearches/daily?geo=MY#Brentford%20vs%20Man%20United",
      "pubdate": "Sun, 31 Mar 2024 02:00:00 +0800"
    },
    {
      "title": "Liverpool vs Brighton",
      "link": "https://trends.google.com/trends/trendingsearches/daily?geo=MY#Liverpool%20vs%20Brighton",
      "pubdate": "Sun, 31 Mar 2024 18:00:00 +0800"
    },
    {
      "title": "Real Madrid vs Athletic Club",
      "link": "https://trends.google.com/trends/trendingsearches/daily?geo=MY#Real%20Madrid%20vs%20Athletic%20Club",
      "pubdate": "Sun, 31 Mar 2024 22:00:00 +0800"
    },
    {
      "title": "Al-Nassr",
      "link": "https://trends.google.com/trends/trendingsearches/daily?geo=MY#Al-Nassr",
      "pubdate": "Sun, 31 Mar 2024 05:00:00 +0800"
    },
    {
      "title": "Liverpool FC",
      "link": "https://trends.google.com/trends/trendingsearches/daily?geo=MY#Liverpool%20FC",
      "pubdate": "Sun, 31 Mar 2024 22:00:00 +0800"
    },
    {
      "title": "Barcelona vs Las Palmas",
      "link": "https://trends.google.com/trends/trendingsearches/daily?geo=MY#Barcelona%20vs%20Las%20Palmas",
      "pubdate": "Sun, 31 Mar 2024 02:00:00 +0800"
    },
    {
      "title": "Happy Easter",
      "link": "https://trends.google.com/trends/trendingsearches/daily?geo=MY#Happy%20Easter",
      "pubdate": "Sun, 31 Mar 2024 01:00:00 +0800"
    },
    {
      "title": "DC vs CSK",
      "link": "https://trends.google.com/trends/trendingsearches/daily?geo=MY#DC%20vs%20CSK",
      "pubdate": "Sun, 31 Mar 2024 22:00:00 +0800"
    },
    {
      "title": "Chance Perdomo",
      "link": "https://trends.google.com/trends/trendingsearches/daily?geo=MY#Chance%20Perdomo",
      "pubdate": "Sun, 31 Mar 2024 08:00:00 +0800"
    },
    {
      "title": "Easter",
      "link": "https://trends.google.com/trends/trendingsearches/daily?geo=MY#Easter",
      "pubdate": "Sun, 31 Mar 2024 08:00:00 +0800"
    },
    {
      "title": "Aston Villa vs Wolves",
      "link": "https://trends.google.com/trends/trendingsearches/daily?geo=MY#Aston%20Villa%20vs%20Wolves",
      "pubdate": "Sun, 31 Mar 2024 02:00:00 +0800"
    },
    {
      "title": "SRH vs GT",
      "link": "https://trends.google.com/trends/trendingsearches/daily?geo=MY#SRH%20vs%20GT",
      "pubdate": "Sun, 31 Mar 2024 19:00:00 +0800"
    }
  ]
}