{
  "lastUpdate": "20-10-2024 , 19:23:23",
  "data": [
    {
      "title": "Liverpool - Chelsea",
      "link": "https://trends.google.com/trends/trendingsearches/daily?geo=MX#Liverpool%20-%20Chelsea",
      "pubdate": "Sun, 20 Oct 2024 01:00:00 -0600"
    },
    {
      "title": "Atlético Madrid  Leganés",
      "link": "https://trends.google.com/trends/trendingsearches/daily?geo=MX#Atl%C3%A9tico%20Madrid%20%20Legan%C3%A9s",
      "pubdate": "Sun, 20 Oct 2024 09:00:00 -0600"
    },
    {
      "title": "Pumas",
      "link": "https://trends.google.com/trends/trendingsearches/daily?geo=MX#Pumas",
      "pubdate": "Sun, 20 Oct 2024 12:00:00 -0600"
    },
    {
      "title": "Jaguars  Patriots",
      "link": "https://trends.google.com/trends/trendingsearches/daily?geo=MX#Jaguars%20%20Patriots",
      "pubdate": "Sun, 20 Oct 2024 09:00:00 -0600"
    },
    {
      "title": "Monterrey fc",
      "link": "https://trends.google.com/trends/trendingsearches/daily?geo=MX#Monterrey%20fc",
      "pubdate": "Sun, 20 Oct 2024 02:00:00 -0600"
    },
    {
      "title": "Paty cantu",
      "link": "https://trends.google.com/trends/trendingsearches/daily?geo=MX#Paty%20cantu",
      "pubdate": "Sun, 20 Oct 2024 02:00:00 -0600"
    },
    {
      "title": "Pepe Mujica",
      "link": "https://trends.google.com/trends/trendingsearches/daily?geo=MX#Pepe%20Mujica",
      "pubdate": "Sun, 20 Oct 2024 10:00:00 -0600"
    },
    {
      "title": "Dia del Chef",
      "link": "https://trends.google.com/trends/trendingsearches/daily?geo=MX#Dia%20del%20Chef",
      "pubdate": "Sun, 20 Oct 2024 12:00:00 -0600"
    },
    {
      "title": "Villarreal - Getafe",
      "link": "https://trends.google.com/trends/trendingsearches/daily?geo=MX#Villarreal%20-%20Getafe",
      "pubdate": "Sun, 20 Oct 2024 12:00:00 -0600"
    },
    {
      "title": "Empoli - Napoli",
      "link": "https://trends.google.com/trends/trendingsearches/daily?geo=MX#Empoli%20-%20Napoli",
      "pubdate": "Sun, 20 Oct 2024 10:00:00 -0600"
    },
    {
      "title": "American Psycho",
      "link": "https://trends.google.com/trends/trendingsearches/daily?geo=MX#American%20Psycho",
      "pubdate": "Sun, 20 Oct 2024 12:00:00 -0600"
    },
    {
      "title": "Loteria Nacional resultados sorteos",
      "link": "https://trends.google.com/trends/trendingsearches/daily?geo=MX#Loteria%20Nacional%20resultados%20sorteos",
      "pubdate": "Sun, 20 Oct 2024 00:00:00 -0600"
    },
    {
      "title": "Monica Noguera",
      "link": "https://trends.google.com/trends/trendingsearches/daily?geo=MX#Monica%20Noguera",
      "pubdate": "Sun, 20 Oct 2024 00:00:00 -0600"
    },
    {
      "title": "Pachuca  Guadalajara",
      "link": "https://trends.google.com/trends/trendingsearches/daily?geo=MX#Pachuca%20%20Guadalajara",
      "pubdate": "Sat, 19 Oct 2024 13:00:00 -0600"
    },
    {
      "title": "Monterrey  Tigres",
      "link": "https://trends.google.com/trends/trendingsearches/daily?geo=MX#Monterrey%20%20Tigres",
      "pubdate": "Sat, 19 Oct 2024 00:00:00 -0600"
    },
    {
      "title": "Celta de Vigo - Real Madrid",
      "link": "https://trends.google.com/trends/trendingsearches/daily?geo=MX#Celta%20de%20Vigo%20-%20Real%20Madrid",
      "pubdate": "Sat, 19 Oct 2024 10:00:00 -0600"
    },
    {
      "title": "Fulham  Aston Villa",
      "link": "https://trends.google.com/trends/trendingsearches/daily?geo=MX#Fulham%20%20Aston%20Villa",
      "pubdate": "Sat, 19 Oct 2024 08:00:00 -0600"
    },
    {
      "title": "Inter Miami - New England",
      "link": "https://trends.google.com/trends/trendingsearches/daily?geo=MX#Inter%20Miami%20-%20New%20England",
      "pubdate": "Sat, 19 Oct 2024 16:00:00 -0600"
    },
    {
      "title": "Juarez vs leon",
      "link": "https://trends.google.com/trends/trendingsearches/daily?geo=MX#Juarez%20vs%20leon",
      "pubdate": "Sat, 19 Oct 2024 19:00:00 -0600"
    },
    {
      "title": "Wolves - Manchester City",
      "link": "https://trends.google.com/trends/trendingsearches/daily?geo=MX#Wolves%20-%20Manchester%20City",
      "pubdate": "Sat, 19 Oct 2024 10:00:00 -0600"
    }
  ]
}