{
  "lastUpdate": "16-12-2024 , 08:45:55",
  "data": [
    {
      "title": "Man City vs Man United",
      "link": "https://trends.google.com/trends/trendingsearches/daily?geo=NZ#Man%20City%20vs%20Man%20United",
      "pubdate": "Mon, 16 Dec 2024 07:00:00 +1300"
    },
    {
      "title": "Bali Nine",
      "link": "https://trends.google.com/trends/trendingsearches/daily?geo=NZ#Bali%20Nine",
      "pubdate": "Mon, 16 Dec 2024 06:00:00 +1300"
    },
    {
      "title": "Mayotte",
      "link": "https://trends.google.com/trends/trendingsearches/daily?geo=NZ#Mayotte",
      "pubdate": "Mon, 16 Dec 2024 10:00:00 +1300"
    },
    {
      "title": "Alcohol poisoning in Fiji",
      "link": "https://trends.google.com/trends/trendingsearches/daily?geo=NZ#Alcohol%20poisoning%20in%20Fiji",
      "pubdate": "Mon, 16 Dec 2024 15:00:00 +1300"
    },
    {
      "title": "Isa Guha",
      "link": "https://trends.google.com/trends/trendingsearches/daily?geo=NZ#Isa%20Guha",
      "pubdate": "Mon, 16 Dec 2024 15:00:00 +1300"
    },
    {
      "title": "Man utd",
      "link": "https://trends.google.com/trends/trendingsearches/daily?geo=NZ#Man%20utd",
      "pubdate": "Mon, 16 Dec 2024 09:00:00 +1300"
    },
    {
      "title": "Southampton vs Tottenham",
      "link": "https://trends.google.com/trends/trendingsearches/daily?geo=NZ#Southampton%20vs%20Tottenham",
      "pubdate": "Mon, 16 Dec 2024 09:00:00 +1300"
    },
    {
      "title": "Chelsea vs Brentford",
      "link": "https://trends.google.com/trends/trendingsearches/daily?geo=NZ#Chelsea%20vs%20Brentford",
      "pubdate": "Mon, 16 Dec 2024 10:00:00 +1300"
    },
    {
      "title": "Zakir Hussain",
      "link": "https://trends.google.com/trends/trendingsearches/daily?geo=NZ#Zakir%20Hussain",
      "pubdate": "Mon, 16 Dec 2024 14:00:00 +1300"
    },
    {
      "title": "Travis Head",
      "link": "https://trends.google.com/trends/trendingsearches/daily?geo=NZ#Travis%20Head",
      "pubdate": "Mon, 16 Dec 2024 00:00:00 +1300"
    },
    {
      "title": "Barcelona vs Leganes",
      "link": "https://trends.google.com/trends/trendingsearches/daily?geo=NZ#Barcelona%20vs%20Leganes",
      "pubdate": "Mon, 16 Dec 2024 13:00:00 +1300"
    },
    {
      "title": "Drones over New Jersey",
      "link": "https://trends.google.com/trends/trendingsearches/daily?geo=NZ#Drones%20over%20New%20Jersey",
      "pubdate": "Mon, 16 Dec 2024 00:00:00 +1300"
    },
    {
      "title": "Hayden Wilde",
      "link": "https://trends.google.com/trends/trendingsearches/daily?geo=NZ#Hayden%20Wilde",
      "pubdate": "Mon, 16 Dec 2024 00:00:00 +1300"
    },
    {
      "title": "Auckland FC",
      "link": "https://trends.google.com/trends/trendingsearches/daily?geo=NZ#Auckland%20FC",
      "pubdate": "Sun, 15 Dec 2024 22:00:00 +1300"
    },
    {
      "title": "UFC Fight Night",
      "link": "https://trends.google.com/trends/trendingsearches/daily?geo=NZ#UFC%20Fight%20Night",
      "pubdate": "Sun, 15 Dec 2024 15:00:00 +1300"
    },
    {
      "title": "Earthquake",
      "link": "https://trends.google.com/trends/trendingsearches/daily?geo=NZ#Earthquake",
      "pubdate": "Sun, 15 Dec 2024 07:00:00 +1300"
    },
    {
      "title": "BBL",
      "link": "https://trends.google.com/trends/trendingsearches/daily?geo=NZ#BBL",
      "pubdate": "Sun, 15 Dec 2024 22:00:00 +1300"
    },
    {
      "title": "Liverpool vs Fulham",
      "link": "https://trends.google.com/trends/trendingsearches/daily?geo=NZ#Liverpool%20vs%20Fulham",
      "pubdate": "Sun, 15 Dec 2024 08:00:00 +1300"
    },
    {
      "title": "Kane Williamson",
      "link": "https://trends.google.com/trends/trendingsearches/daily?geo=NZ#Kane%20Williamson",
      "pubdate": "Sun, 15 Dec 2024 23:00:00 +1300"
    },
    {
      "title": "Avalon Park",
      "link": "https://trends.google.com/trends/trendingsearches/daily?geo=NZ#Avalon%20Park",
      "pubdate": "Sun, 15 Dec 2024 14:00:00 +1300"
    }
  ]
}