{
  "lastUpdate": "23-01-2024 , 03:47:03",
  "data": [
    {
      "title": "FC Dallas vs Inter Miami",
      "link": "https://trends.google.com/trends/trendingsearches/daily?geo=NG#FC%20Dallas%20vs%20Inter%20Miami",
      "pubdate": "Tue, 23 Jan 2024 00:00:00 +0100"
    },
    {
      "title": "Cape Verde",
      "link": "https://trends.google.com/trends/trendingsearches/daily?geo=NG#Cape%20Verde",
      "pubdate": "Tue, 23 Jan 2024 00:00:00 +0100"
    },
    {
      "title": "Chelsea vs Middlesbrough",
      "link": "https://trends.google.com/trends/trendingsearches/daily?geo=NG#Chelsea%20vs%20Middlesbrough",
      "pubdate": "Tue, 23 Jan 2024 00:00:00 +0100"
    },
    {
      "title": "Equatorial Guinea vs Ivory Coast",
      "link": "https://trends.google.com/trends/trendingsearches/daily?geo=NG#Equatorial%20Guinea%20vs%20Ivory%20Coast",
      "pubdate": "Mon, 22 Jan 2024 18:00:00 +0100"
    },
    {
      "title": "Ghana vs Mozambique",
      "link": "https://trends.google.com/trends/trendingsearches/daily?geo=NG#Ghana%20vs%20Mozambique",
      "pubdate": "Mon, 22 Jan 2024 21:00:00 +0100"
    },
    {
      "title": "Napoli vs Inter",
      "link": "https://trends.google.com/trends/trendingsearches/daily?geo=NG#Napoli%20vs%20Inter",
      "pubdate": "Mon, 22 Jan 2024 15:00:00 +0100"
    },
    {
      "title": "Brighton vs Wolves",
      "link": "https://trends.google.com/trends/trendingsearches/daily?geo=NG#Brighton%20vs%20Wolves",
      "pubdate": "Mon, 22 Jan 2024 11:00:00 +0100"
    },
    {
      "title": "Cape Verde vs Egypt",
      "link": "https://trends.google.com/trends/trendingsearches/daily?geo=NG#Cape%20Verde%20vs%20Egypt",
      "pubdate": "Mon, 22 Jan 2024 20:00:00 +0100"
    },
    {
      "title": "Girona",
      "link": "https://trends.google.com/trends/trendingsearches/daily?geo=NG#Girona",
      "pubdate": "Mon, 22 Jan 2024 16:00:00 +0100"
    },
    {
      "title": "Leicester City vs Ipswich Town",
      "link": "https://trends.google.com/trends/trendingsearches/daily?geo=NG#Leicester%20City%20vs%20Ipswich%20Town",
      "pubdate": "Mon, 22 Jan 2024 20:00:00 +0100"
    },
    {
      "title": "Atletico Madrid",
      "link": "https://trends.google.com/trends/trendingsearches/daily?geo=NG#Atletico%20Madrid",
      "pubdate": "Mon, 22 Jan 2024 17:00:00 +0100"
    },
    {
      "title": "Covenant University",
      "link": "https://trends.google.com/trends/trendingsearches/daily?geo=NG#Covenant%20University",
      "pubdate": "Mon, 22 Jan 2024 16:00:00 +0100"
    },
    {
      "title": "Osimhen",
      "link": "https://trends.google.com/trends/trendingsearches/daily?geo=NG#Osimhen",
      "pubdate": "Mon, 22 Jan 2024 23:00:00 +0100"
    },
    {
      "title": "OPEN HEAVEN 22 JANUARY 2024",
      "link": "https://trends.google.com/trends/trendingsearches/daily?geo=NG#OPEN%20HEAVEN%2022%20JANUARY%202024",
      "pubdate": "Mon, 22 Jan 2024 10:00:00 +0100"
    },
    {
      "title": "Isco",
      "link": "https://trends.google.com/trends/trendingsearches/daily?geo=NG#Isco",
      "pubdate": "Mon, 22 Jan 2024 02:00:00 +0100"
    },
    {
      "title": "Nigeria vs Guinea-Bissau",
      "link": "https://trends.google.com/trends/trendingsearches/daily?geo=NG#Nigeria%20vs%20Guinea-Bissau",
      "pubdate": "Sun, 21 Jan 2024 10:00:00 +0100"
    },
    {
      "title": "Real Madrid vs almería",
      "link": "https://trends.google.com/trends/trendingsearches/daily?geo=NG#Real%20Madrid%20vs%20almer%C3%ADa",
      "pubdate": "Sun, 21 Jan 2024 16:00:00 +0100"
    },
    {
      "title": "Bournemouth vs Liverpool",
      "link": "https://trends.google.com/trends/trendingsearches/daily?geo=NG#Bournemouth%20vs%20Liverpool",
      "pubdate": "Sun, 21 Jan 2024 09:00:00 +0100"
    },
    {
      "title": "Real Betis vs Barcelona",
      "link": "https://trends.google.com/trends/trendingsearches/daily?geo=NG#Real%20Betis%20vs%20Barcelona",
      "pubdate": "Sun, 21 Jan 2024 18:00:00 +0100"
    },
    {
      "title": "Liverpool",
      "link": "https://trends.google.com/trends/trendingsearches/daily?geo=NG#Liverpool",
      "pubdate": "Sun, 21 Jan 2024 19:00:00 +0100"
    }
  ]
}