{
  "lastUpdate": "28-10-2024 , 03:48:59",
  "data": [
    {
      "title": "Warriors vs Clippers",
      "link": "https://trends.google.com/trends/trendingsearches/daily?geo=PH#Warriors%20vs%20Clippers",
      "pubdate": "Mon, 28 Oct 2024 09:00:00 +0800"
    },
    {
      "title": "Pacers vs 76ers",
      "link": "https://trends.google.com/trends/trendingsearches/daily?geo=PH#Pacers%20vs%2076ers",
      "pubdate": "Mon, 28 Oct 2024 06:00:00 +0800"
    },
    {
      "title": "Nets vs Bucks",
      "link": "https://trends.google.com/trends/trendingsearches/daily?geo=PH#Nets%20vs%20Bucks",
      "pubdate": "Mon, 28 Oct 2024 08:00:00 +0800"
    },
    {
      "title": "Lotto result October 27, 2024 philippines today",
      "link": "https://trends.google.com/trends/trendingsearches/daily?geo=PH#Lotto%20result%20October%2027,%202024%20philippines%20today",
      "pubdate": "Mon, 28 Oct 2024 07:00:00 +0800"
    },
    {
      "title": "Thunder vs Hawks",
      "link": "https://trends.google.com/trends/trendingsearches/daily?geo=PH#Thunder%20vs%20Hawks",
      "pubdate": "Mon, 28 Oct 2024 10:00:00 +0800"
    },
    {
      "title": "Walang Pasok October 28, 2024",
      "link": "https://trends.google.com/trends/trendingsearches/daily?geo=PH#Walang%20Pasok%20October%2028,%202024",
      "pubdate": "Mon, 28 Oct 2024 01:00:00 +0800"
    },
    {
      "title": "Mexico GP",
      "link": "https://trends.google.com/trends/trendingsearches/daily?geo=PH#Mexico%20GP",
      "pubdate": "Mon, 28 Oct 2024 06:00:00 +0800"
    },
    {
      "title": "Suns vs Mavericks",
      "link": "https://trends.google.com/trends/trendingsearches/daily?geo=PH#Suns%20vs%20Mavericks",
      "pubdate": "Sun, 27 Oct 2024 11:00:00 +0800"
    },
    {
      "title": "Nuggets vs Clippers",
      "link": "https://trends.google.com/trends/trendingsearches/daily?geo=PH#Nuggets%20vs%20Clippers",
      "pubdate": "Sun, 27 Oct 2024 06:00:00 +0800"
    },
    {
      "title": "Real Madrid vs Barcelona",
      "link": "https://trends.google.com/trends/trendingsearches/daily?geo=PH#Real%20Madrid%20vs%20Barcelona",
      "pubdate": "Sun, 27 Oct 2024 05:00:00 +0800"
    },
    {
      "title": "Pistons vs Celtics",
      "link": "https://trends.google.com/trends/trendingsearches/daily?geo=PH#Pistons%20vs%20Celtics",
      "pubdate": "Sun, 27 Oct 2024 08:00:00 +0800"
    },
    {
      "title": "Typhoon Leon update",
      "link": "https://trends.google.com/trends/trendingsearches/daily?geo=PH#Typhoon%20Leon%20update",
      "pubdate": "Sun, 27 Oct 2024 11:00:00 +0800"
    },
    {
      "title": "Spurs vs Rockets",
      "link": "https://trends.google.com/trends/trendingsearches/daily?geo=PH#Spurs%20vs%20Rockets",
      "pubdate": "Sun, 27 Oct 2024 10:00:00 +0800"
    },
    {
      "title": "October 27",
      "link": "https://trends.google.com/trends/trendingsearches/daily?geo=PH#October%2027",
      "pubdate": "Sun, 27 Oct 2024 12:00:00 +0800"
    },
    {
      "title": "Timberwolves vs Raptors",
      "link": "https://trends.google.com/trends/trendingsearches/daily?geo=PH#Timberwolves%20vs%20Raptors",
      "pubdate": "Sun, 27 Oct 2024 10:00:00 +0800"
    },
    {
      "title": "Ginebra vs TNT Game 1",
      "link": "https://trends.google.com/trends/trendingsearches/daily?geo=PH#Ginebra%20vs%20TNT%20Game%201",
      "pubdate": "Sun, 27 Oct 2024 21:00:00 +0800"
    },
    {
      "title": "Hornets vs Heat",
      "link": "https://trends.google.com/trends/trendingsearches/daily?geo=PH#Hornets%20vs%20Heat",
      "pubdate": "Sun, 27 Oct 2024 09:00:00 +0800"
    },
    {
      "title": "Bulls vs Thunder",
      "link": "https://trends.google.com/trends/trendingsearches/daily?geo=PH#Bulls%20vs%20Thunder",
      "pubdate": "Sun, 27 Oct 2024 11:00:00 +0800"
    },
    {
      "title": "Tommy Robinson",
      "link": "https://trends.google.com/trends/trendingsearches/daily?geo=PH#Tommy%20Robinson",
      "pubdate": "Sun, 27 Oct 2024 14:00:00 +0800"
    },
    {
      "title": "DreamLeague Season 24",
      "link": "https://trends.google.com/trends/trendingsearches/daily?geo=PH#DreamLeague%20Season%2024",
      "pubdate": "Sun, 27 Oct 2024 20:00:00 +0800"
    }
  ]
}