{
  "lastUpdate": "01-04-2024 , 14:55:10",
  "data": [
    {
      "title": "Tychy",
      "link": "https://trends.google.com/trends/trendingsearches/daily?geo=PL#Tychy",
      "pubdate": "Mon, 01 Apr 2024 11:00:00 +0200"
    },
    {
      "title": "Radomiak Radom",
      "link": "https://trends.google.com/trends/trendingsearches/daily?geo=PL#Radomiak%20Radom",
      "pubdate": "Mon, 01 Apr 2024 12:00:00 +0200"
    },
    {
      "title": "Stal Mielec – Lech Poznań",
      "link": "https://trends.google.com/trends/trendingsearches/daily?geo=PL#Stal%20Mielec%20%E2%80%93%20Lech%20Pozna%C5%84",
      "pubdate": "Mon, 01 Apr 2024 15:00:00 +0200"
    },
    {
      "title": "Somalia",
      "link": "https://trends.google.com/trends/trendingsearches/daily?geo=PL#Somalia",
      "pubdate": "Mon, 01 Apr 2024 09:00:00 +0200"
    },
    {
      "title": "Czy w poniedzialek Wielkanocny trzeba isc do kosciola",
      "link": "https://trends.google.com/trends/trendingsearches/daily?geo=PL#Czy%20w%20poniedzialek%20Wielkanocny%20trzeba%20isc%20do%20kosciola",
      "pubdate": "Mon, 01 Apr 2024 07:00:00 +0200"
    },
    {
      "title": "Święta nakazane 2024",
      "link": "https://trends.google.com/trends/trendingsearches/daily?geo=PL#%C5%9Awi%C4%99ta%20nakazane%202024",
      "pubdate": "Mon, 01 Apr 2024 09:00:00 +0200"
    },
    {
      "title": "Śmigus dyngus 2024",
      "link": "https://trends.google.com/trends/trendingsearches/daily?geo=PL#%C5%9Amigus%20dyngus%202024",
      "pubdate": "Mon, 01 Apr 2024 10:00:00 +0200"
    },
    {
      "title": "Daria ze Śląska",
      "link": "https://trends.google.com/trends/trendingsearches/daily?geo=PL#Daria%20ze%20%C5%9Al%C4%85ska",
      "pubdate": "Mon, 01 Apr 2024 11:00:00 +0200"
    },
    {
      "title": "Paderewski",
      "link": "https://trends.google.com/trends/trendingsearches/daily?geo=PL#Paderewski",
      "pubdate": "Mon, 01 Apr 2024 00:00:00 +0200"
    },
    {
      "title": "Alaksandr Łukaszenka",
      "link": "https://trends.google.com/trends/trendingsearches/daily?geo=PL#Alaksandr%20%C5%81ukaszenka",
      "pubdate": "Mon, 01 Apr 2024 00:00:00 +0200"
    },
    {
      "title": "Zagłębie Sosnowiec",
      "link": "https://trends.google.com/trends/trendingsearches/daily?geo=PL#Zag%C5%82%C4%99bie%20Sosnowiec",
      "pubdate": "Mon, 01 Apr 2024 15:00:00 +0200"
    },
    {
      "title": "Alkomat",
      "link": "https://trends.google.com/trends/trendingsearches/daily?geo=PL#Alkomat",
      "pubdate": "Mon, 01 Apr 2024 15:00:00 +0200"
    },
    {
      "title": "Prima aprilis",
      "link": "https://trends.google.com/trends/trendingsearches/daily?geo=PL#Prima%20aprilis",
      "pubdate": "Sun, 31 Mar 2024 21:00:00 +0200"
    },
    {
      "title": "Śmigus-Dyngus",
      "link": "https://trends.google.com/trends/trendingsearches/daily?geo=PL#%C5%9Amigus-Dyngus",
      "pubdate": "Sun, 31 Mar 2024 17:00:00 +0200"
    },
    {
      "title": "Chance Perdomo",
      "link": "https://trends.google.com/trends/trendingsearches/daily?geo=PL#Chance%20Perdomo",
      "pubdate": "Sun, 31 Mar 2024 00:00:00 +0100"
    },
    {
      "title": "Liverpool",
      "link": "https://trends.google.com/trends/trendingsearches/daily?geo=PL#Liverpool",
      "pubdate": "Sun, 31 Mar 2024 15:00:00 +0200"
    },
    {
      "title": "Anita Sokołowska",
      "link": "https://trends.google.com/trends/trendingsearches/daily?geo=PL#Anita%20Soko%C5%82owska",
      "pubdate": "Sun, 31 Mar 2024 21:00:00 +0200"
    },
    {
      "title": "Rolnik szuka żony",
      "link": "https://trends.google.com/trends/trendingsearches/daily?geo=PL#Rolnik%20szuka%20%C5%BCony",
      "pubdate": "Sun, 31 Mar 2024 15:00:00 +0200"
    },
    {
      "title": "Poniedziałek Wielkanocny",
      "link": "https://trends.google.com/trends/trendingsearches/daily?geo=PL#Poniedzia%C5%82ek%20Wielkanocny",
      "pubdate": "Sun, 31 Mar 2024 18:00:00 +0200"
    },
    {
      "title": "Papież Franciszek",
      "link": "https://trends.google.com/trends/trendingsearches/daily?geo=PL#Papie%C5%BC%20Franciszek",
      "pubdate": "Sun, 31 Mar 2024 20:00:00 +0200"
    }
  ]
}