{
  "lastUpdate": "24-02-2024 , 19:27:24",
  "data": [
    {
      "title": "Barcelona  Getafe",
      "link": "https://trends.google.com/trends/trendingsearches/daily?geo=PT#Barcelona%20%20Getafe",
      "pubdate": "Sat, 24 Feb 2024 15:00:00 +0000"
    },
    {
      "title": "Ricardo araujo Pereira",
      "link": "https://trends.google.com/trends/trendingsearches/daily?geo=PT#Ricardo%20araujo%20Pereira",
      "pubdate": "Sat, 24 Feb 2024 16:00:00 +0000"
    },
    {
      "title": "Manchester United  Fulham",
      "link": "https://trends.google.com/trends/trendingsearches/daily?geo=PT#Manchester%20United%20%20Fulham",
      "pubdate": "Sat, 24 Feb 2024 15:00:00 +0000"
    },
    {
      "title": "Popo vs Bambam horario",
      "link": "https://trends.google.com/trends/trendingsearches/daily?geo=PT#Popo%20vs%20Bambam%20horario",
      "pubdate": "Sat, 24 Feb 2024 03:00:00 +0000"
    },
    {
      "title": "Rui Rocha",
      "link": "https://trends.google.com/trends/trendingsearches/daily?geo=PT#Rui%20Rocha",
      "pubdate": "Sat, 24 Feb 2024 01:00:00 +0000"
    },
    {
      "title": "Farense",
      "link": "https://trends.google.com/trends/trendingsearches/daily?geo=PT#Farense",
      "pubdate": "Sat, 24 Feb 2024 16:00:00 +0000"
    },
    {
      "title": "Marco Paulo",
      "link": "https://trends.google.com/trends/trendingsearches/daily?geo=PT#Marco%20Paulo",
      "pubdate": "Sat, 24 Feb 2024 15:00:00 +0000"
    },
    {
      "title": "PAN",
      "link": "https://trends.google.com/trends/trendingsearches/daily?geo=PT#PAN",
      "pubdate": "Sat, 24 Feb 2024 00:00:00 +0000"
    },
    {
      "title": "Bournemouth  City",
      "link": "https://trends.google.com/trends/trendingsearches/daily?geo=PT#Bournemouth%20%20City",
      "pubdate": "Sat, 24 Feb 2024 18:00:00 +0000"
    },
    {
      "title": "Festival da canção 2024",
      "link": "https://trends.google.com/trends/trendingsearches/daily?geo=PT#Festival%20da%20can%C3%A7%C3%A3o%202024",
      "pubdate": "Sat, 24 Feb 2024 14:00:00 +0000"
    },
    {
      "title": "Festival da Canção",
      "link": "https://trends.google.com/trends/trendingsearches/daily?geo=PT#Festival%20da%20Can%C3%A7%C3%A3o",
      "pubdate": "Sat, 24 Feb 2024 00:00:00 +0000"
    },
    {
      "title": "Santa Clara  Oliveirense",
      "link": "https://trends.google.com/trends/trendingsearches/daily?geo=PT#Santa%20Clara%20%20Oliveirense",
      "pubdate": "Sat, 24 Feb 2024 16:00:00 +0000"
    },
    {
      "title": "Chelsea",
      "link": "https://trends.google.com/trends/trendingsearches/daily?geo=PT#Chelsea",
      "pubdate": "Sat, 24 Feb 2024 13:00:00 +0000"
    },
    {
      "title": "Claudia Nayara",
      "link": "https://trends.google.com/trends/trendingsearches/daily?geo=PT#Claudia%20Nayara",
      "pubdate": "Sat, 24 Feb 2024 15:00:00 +0000"
    },
    {
      "title": "Luana Piovani",
      "link": "https://trends.google.com/trends/trendingsearches/daily?geo=PT#Luana%20Piovani",
      "pubdate": "Sat, 24 Feb 2024 15:00:00 +0000"
    },
    {
      "title": "Man United",
      "link": "https://trends.google.com/trends/trendingsearches/daily?geo=PT#Man%20United",
      "pubdate": "Sat, 24 Feb 2024 18:00:00 +0000"
    },
    {
      "title": "Joao Neves",
      "link": "https://trends.google.com/trends/trendingsearches/daily?geo=PT#Joao%20Neves",
      "pubdate": "Fri, 23 Feb 2024 15:00:00 +0000"
    },
    {
      "title": "Montalegre",
      "link": "https://trends.google.com/trends/trendingsearches/daily?geo=PT#Montalegre",
      "pubdate": "Fri, 23 Feb 2024 09:00:00 +0000"
    },
    {
      "title": "Arouca FC",
      "link": "https://trends.google.com/trends/trendingsearches/daily?geo=PT#Arouca%20FC",
      "pubdate": "Fri, 23 Feb 2024 20:00:00 +0000"
    },
    {
      "title": "Corinthians",
      "link": "https://trends.google.com/trends/trendingsearches/daily?geo=PT#Corinthians",
      "pubdate": "Fri, 23 Feb 2024 01:00:00 +0000"
    }
  ]
}