{
  "lastUpdate": "01-04-2024 , 09:52:34",
  "data": [
    {
      "title": "Matthew Underwood",
      "link": "https://trends.google.com/trends/trendingsearches/daily?geo=ZA#Matthew%20Underwood",
      "pubdate": "Mon, 01 Apr 2024 00:00:00 +0200"
    },
    {
      "title": "Jannik Sinner",
      "link": "https://trends.google.com/trends/trendingsearches/daily?geo=ZA#Jannik%20Sinner",
      "pubdate": "Mon, 01 Apr 2024 07:00:00 +0200"
    },
    {
      "title": "Liverpool vs Brighton",
      "link": "https://trends.google.com/trends/trendingsearches/daily?geo=ZA#Liverpool%20vs%20Brighton",
      "pubdate": "Sun, 31 Mar 2024 08:00:00 +0200"
    },
    {
      "title": "Real Madrid vs Athletic Club",
      "link": "https://trends.google.com/trends/trendingsearches/daily?geo=ZA#Real%20Madrid%20vs%20Athletic%20Club",
      "pubdate": "Sun, 31 Mar 2024 01:00:00 +0200"
    },
    {
      "title": "Chance Perdomo",
      "link": "https://trends.google.com/trends/trendingsearches/daily?geo=ZA#Chance%20Perdomo",
      "pubdate": "Sun, 31 Mar 2024 02:00:00 +0200"
    },
    {
      "title": "Liverpool FC",
      "link": "https://trends.google.com/trends/trendingsearches/daily?geo=ZA#Liverpool%20FC",
      "pubdate": "Sun, 31 Mar 2024 14:00:00 +0200"
    },
    {
      "title": "Easter Sunday",
      "link": "https://trends.google.com/trends/trendingsearches/daily?geo=ZA#Easter%20Sunday",
      "pubdate": "Sun, 31 Mar 2024 07:00:00 +0200"
    },
    {
      "title": "He is risen",
      "link": "https://trends.google.com/trends/trendingsearches/daily?geo=ZA#He%20is%20risen",
      "pubdate": "Sun, 31 Mar 2024 06:00:00 +0200"
    },
    {
      "title": "Happy Easter",
      "link": "https://trends.google.com/trends/trendingsearches/daily?geo=ZA#Happy%20Easter",
      "pubdate": "Sun, 31 Mar 2024 10:00:00 +0200"
    },
    {
      "title": "Tim Walberg",
      "link": "https://trends.google.com/trends/trendingsearches/daily?geo=ZA#Tim%20Walberg",
      "pubdate": "Sun, 31 Mar 2024 15:00:00 +0200"
    },
    {
      "title": "Liverpool fixtures",
      "link": "https://trends.google.com/trends/trendingsearches/daily?geo=ZA#Liverpool%20fixtures",
      "pubdate": "Sun, 31 Mar 2024 18:00:00 +0200"
    },
    {
      "title": "Girona",
      "link": "https://trends.google.com/trends/trendingsearches/daily?geo=ZA#Girona",
      "pubdate": "Sun, 31 Mar 2024 17:00:00 +0200"
    },
    {
      "title": "Saudi Pro League",
      "link": "https://trends.google.com/trends/trendingsearches/daily?geo=ZA#Saudi%20Pro%20League",
      "pubdate": "Sun, 31 Mar 2024 06:00:00 +0200"
    },
    {
      "title": "SRH vs GT",
      "link": "https://trends.google.com/trends/trendingsearches/daily?geo=ZA#SRH%20vs%20GT",
      "pubdate": "Sun, 31 Mar 2024 16:00:00 +0200"
    },
    {
      "title": "Arsenal vs Chelsea",
      "link": "https://trends.google.com/trends/trendingsearches/daily?geo=ZA#Arsenal%20vs%20Chelsea",
      "pubdate": "Sun, 31 Mar 2024 19:00:00 +0200"
    },
    {
      "title": "DC vs CSK",
      "link": "https://trends.google.com/trends/trendingsearches/daily?geo=ZA#DC%20vs%20CSK",
      "pubdate": "Sun, 31 Mar 2024 20:00:00 +0200"
    },
    {
      "title": "Ulster Rugby",
      "link": "https://trends.google.com/trends/trendingsearches/daily?geo=ZA#Ulster%20Rugby",
      "pubdate": "Sun, 31 Mar 2024 16:00:00 +0200"
    },
    {
      "title": "Man City vs Arsenal",
      "link": "https://trends.google.com/trends/trendingsearches/daily?geo=ZA#Man%20City%20vs%20Arsenal",
      "pubdate": "Sat, 30 Mar 2024 14:00:00 +0200"
    },
    {
      "title": "Brentford vs Man United",
      "link": "https://trends.google.com/trends/trendingsearches/daily?geo=ZA#Brentford%20vs%20Man%20United",
      "pubdate": "Sat, 30 Mar 2024 18:00:00 +0200"
    },
    {
      "title": "Premier League",
      "link": "https://trends.google.com/trends/trendingsearches/daily?geo=ZA#Premier%20League",
      "pubdate": "Sat, 30 Mar 2024 07:00:00 +0200"
    }
  ]
}