{
  "lastUpdate": "01-05-2024 , 09:22:38",
  "data": [
    {
      "title": "Fête du travail",
      "link": "https://trends.google.com/trends/trendingsearches/daily?geo=CH#F%C3%AAte%20du%20travail",
      "pubdate": "Wed, 01 May 2024 01:00:00 +0200"
    },
    {
      "title": "Paul Auster",
      "link": "https://trends.google.com/trends/trendingsearches/daily?geo=CH#Paul%20Auster",
      "pubdate": "Wed, 01 May 2024 08:00:00 +0200"
    },
    {
      "title": "Marc Crawford",
      "link": "https://trends.google.com/trends/trendingsearches/daily?geo=CH#Marc%20Crawford",
      "pubdate": "Wed, 01 May 2024 00:00:00 +0200"
    },
    {
      "title": "Tirage Euromillions",
      "link": "https://trends.google.com/trends/trendingsearches/daily?geo=CH#Tirage%20Euromillions",
      "pubdate": "Wed, 01 May 2024 08:00:00 +0200"
    },
    {
      "title": "Piz Platta",
      "link": "https://trends.google.com/trends/trendingsearches/daily?geo=CH#Piz%20Platta",
      "pubdate": "Wed, 01 May 2024 08:00:00 +0200"
    },
    {
      "title": "LeBron James",
      "link": "https://trends.google.com/trends/trendingsearches/daily?geo=CH#LeBron%20James",
      "pubdate": "Wed, 01 May 2024 08:00:00 +0200"
    },
    {
      "title": "1. Mai Basel",
      "link": "https://trends.google.com/trends/trendingsearches/daily?geo=CH#1.%20Mai%20Basel",
      "pubdate": "Wed, 01 May 2024 10:00:00 +0200"
    },
    {
      "title": "Real Madrid",
      "link": "https://trends.google.com/trends/trendingsearches/daily?geo=CH#Real%20Madrid",
      "pubdate": "Tue, 30 Apr 2024 09:00:00 +0200"
    },
    {
      "title": "Champions League",
      "link": "https://trends.google.com/trends/trendingsearches/daily?geo=CH#Champions%20League",
      "pubdate": "Tue, 30 Apr 2024 10:00:00 +0200"
    },
    {
      "title": "Tag der Arbeit",
      "link": "https://trends.google.com/trends/trendingsearches/daily?geo=CH#Tag%20der%20Arbeit",
      "pubdate": "Tue, 30 Apr 2024 15:00:00 +0200"
    },
    {
      "title": "Divertimento Tickets",
      "link": "https://trends.google.com/trends/trendingsearches/daily?geo=CH#Divertimento%20Tickets",
      "pubdate": "Tue, 30 Apr 2024 10:00:00 +0200"
    },
    {
      "title": "LHC",
      "link": "https://trends.google.com/trends/trendingsearches/daily?geo=CH#LHC",
      "pubdate": "Tue, 30 Apr 2024 21:00:00 +0200"
    },
    {
      "title": "Ligue des champions",
      "link": "https://trends.google.com/trends/trendingsearches/daily?geo=CH#Ligue%20des%20champions",
      "pubdate": "Tue, 30 Apr 2024 00:00:00 +0200"
    },
    {
      "title": "Kessler-Zwillinge",
      "link": "https://trends.google.com/trends/trendingsearches/daily?geo=CH#Kessler-Zwillinge",
      "pubdate": "Tue, 30 Apr 2024 08:00:00 +0200"
    },
    {
      "title": "1.mai Feiertag Schweiz",
      "link": "https://trends.google.com/trends/trendingsearches/daily?geo=CH#1.mai%20Feiertag%20Schweiz",
      "pubdate": "Tue, 30 Apr 2024 22:00:00 +0200"
    },
    {
      "title": "Lemanbleu",
      "link": "https://trends.google.com/trends/trendingsearches/daily?geo=CH#Lemanbleu",
      "pubdate": "Tue, 30 Apr 2024 18:00:00 +0200"
    },
    {
      "title": "FC Bayern",
      "link": "https://trends.google.com/trends/trendingsearches/daily?geo=CH#FC%20Bayern",
      "pubdate": "Tue, 30 Apr 2024 22:00:00 +0200"
    },
    {
      "title": "Walpurgisnacht",
      "link": "https://trends.google.com/trends/trendingsearches/daily?geo=CH#Walpurgisnacht",
      "pubdate": "Tue, 30 Apr 2024 09:00:00 +0200"
    },
    {
      "title": "1. Mai Feiertag",
      "link": "https://trends.google.com/trends/trendingsearches/daily?geo=CH#1.%20Mai%20Feiertag",
      "pubdate": "Tue, 30 Apr 2024 15:00:00 +0200"
    },
    {
      "title": "1er mai",
      "link": "https://trends.google.com/trends/trendingsearches/daily?geo=CH#1er%20mai",
      "pubdate": "Tue, 30 Apr 2024 13:00:00 +0200"
    }
  ]
}