{
  "lastUpdate": "21-09-2024 , 20:56:03",
  "data": [
    {
      "title": "UNC football",
      "link": "https://trends.google.com/trends/trendingsearches/daily?geo=US#UNC%20football",
      "pubdate": "Sat, 21 Sep 2024 12:00:00 -0700"
    },
    {
      "title": "Marshall vs Ohio State",
      "link": "https://trends.google.com/trends/trendingsearches/daily?geo=US#Marshall%20vs%20Ohio%20State",
      "pubdate": "Sat, 21 Sep 2024 10:00:00 -0700"
    },
    {
      "title": "Clemson football",
      "link": "https://trends.google.com/trends/trendingsearches/daily?geo=US#Clemson%20football",
      "pubdate": "Sat, 21 Sep 2024 11:00:00 -0700"
    },
    {
      "title": "West Ham vs Chelsea",
      "link": "https://trends.google.com/trends/trendingsearches/daily?geo=US#West%20Ham%20vs%20Chelsea",
      "pubdate": "Sat, 21 Sep 2024 06:00:00 -0700"
    },
    {
      "title": "Iowa State football",
      "link": "https://trends.google.com/trends/trendingsearches/daily?geo=US#Iowa%20State%20football",
      "pubdate": "Sat, 21 Sep 2024 13:00:00 -0700"
    },
    {
      "title": "West Virginia football",
      "link": "https://trends.google.com/trends/trendingsearches/daily?geo=US#West%20Virginia%20football",
      "pubdate": "Sat, 21 Sep 2024 13:00:00 -0700"
    },
    {
      "title": "USC vs Michigan",
      "link": "https://trends.google.com/trends/trendingsearches/daily?geo=US#USC%20vs%20Michigan",
      "pubdate": "Sat, 21 Sep 2024 13:00:00 -0700"
    },
    {
      "title": "Liverpool vs Bournemouth",
      "link": "https://trends.google.com/trends/trendingsearches/daily?geo=US#Liverpool%20vs%20Bournemouth",
      "pubdate": "Sat, 21 Sep 2024 09:00:00 -0700"
    },
    {
      "title": "Crystal Palace vs Man United",
      "link": "https://trends.google.com/trends/trendingsearches/daily?geo=US#Crystal%20Palace%20vs%20Man%20United",
      "pubdate": "Sat, 21 Sep 2024 11:00:00 -0700"
    },
    {
      "title": "Mississippi State football",
      "link": "https://trends.google.com/trends/trendingsearches/daily?geo=US#Mississippi%20State%20football",
      "pubdate": "Sat, 21 Sep 2024 10:00:00 -0700"
    },
    {
      "title": "Inter Miami",
      "link": "https://trends.google.com/trends/trendingsearches/daily?geo=US#Inter%20Miami",
      "pubdate": "Sat, 21 Sep 2024 13:00:00 -0700"
    },
    {
      "title": "CJ Abrams",
      "link": "https://trends.google.com/trends/trendingsearches/daily?geo=US#CJ%20Abrams",
      "pubdate": "Sat, 21 Sep 2024 12:00:00 -0700"
    },
    {
      "title": "Real Madrid vs Espanyol",
      "link": "https://trends.google.com/trends/trendingsearches/daily?geo=US#Real%20Madrid%20vs%20Espanyol",
      "pubdate": "Sat, 21 Sep 2024 13:00:00 -0700"
    },
    {
      "title": "Indiana football",
      "link": "https://trends.google.com/trends/trendingsearches/daily?geo=US#Indiana%20football",
      "pubdate": "Sat, 21 Sep 2024 12:00:00 -0700"
    },
    {
      "title": "Rutgers Football",
      "link": "https://trends.google.com/trends/trendingsearches/daily?geo=US#Rutgers%20Football",
      "pubdate": "Sat, 21 Sep 2024 13:00:00 -0700"
    },
    {
      "title": "Tottenham",
      "link": "https://trends.google.com/trends/trendingsearches/daily?geo=US#Tottenham",
      "pubdate": "Sat, 21 Sep 2024 09:00:00 -0700"
    },
    {
      "title": "Nebraska football",
      "link": "https://trends.google.com/trends/trendingsearches/daily?geo=US#Nebraska%20football",
      "pubdate": "Fri, 20 Sep 2024 13:00:00 -0700"
    },
    {
      "title": "Matt Gaetz",
      "link": "https://trends.google.com/trends/trendingsearches/daily?geo=US#Matt%20Gaetz",
      "pubdate": "Fri, 20 Sep 2024 10:00:00 -0700"
    },
    {
      "title": "Washington State football",
      "link": "https://trends.google.com/trends/trendingsearches/daily?geo=US#Washington%20State%20football",
      "pubdate": "Fri, 20 Sep 2024 21:00:00 -0700"
    },
    {
      "title": "Missing cat Yellowstone",
      "link": "https://trends.google.com/trends/trendingsearches/daily?geo=US#Missing%20cat%20Yellowstone",
      "pubdate": "Fri, 20 Sep 2024 15:00:00 -0700"
    }
  ]
}