{
  "lastUpdate": "17-03-2024 , 02:06:35",
  "data": [
    {
      "title": "St. Patrick's Day",
      "link": "https://trends.google.com/trends/trendingsearches/daily?geo=GB#St.%20Patrick's%20Day",
      "pubdate": "Sun, 17 Mar 2024 01:00:00 +0000"
    },
    {
      "title": "Wolves",
      "link": "https://trends.google.com/trends/trendingsearches/daily?geo=GB#Wolves",
      "pubdate": "Sat, 16 Mar 2024 12:00:00 +0000"
    },
    {
      "title": "Wales v Italy",
      "link": "https://trends.google.com/trends/trendingsearches/daily?geo=GB#Wales%20v%20Italy",
      "pubdate": "Sat, 16 Mar 2024 12:00:00 +0000"
    },
    {
      "title": "Fulham vs Tottenham",
      "link": "https://trends.google.com/trends/trendingsearches/daily?geo=GB#Fulham%20vs%20Tottenham",
      "pubdate": "Sat, 16 Mar 2024 17:00:00 +0000"
    },
    {
      "title": "Ireland v Scotland",
      "link": "https://trends.google.com/trends/trendingsearches/daily?geo=GB#Ireland%20v%20Scotland",
      "pubdate": "Sat, 16 Mar 2024 14:00:00 +0000"
    },
    {
      "title": "England vs France",
      "link": "https://trends.google.com/trends/trendingsearches/daily?geo=GB#England%20vs%20France",
      "pubdate": "Sat, 16 Mar 2024 19:00:00 +0000"
    },
    {
      "title": "Dale Winton",
      "link": "https://trends.google.com/trends/trendingsearches/daily?geo=GB#Dale%20Winton",
      "pubdate": "Sat, 16 Mar 2024 22:00:00 +0000"
    },
    {
      "title": "Luton Town vs nottm Forest",
      "link": "https://trends.google.com/trends/trendingsearches/daily?geo=GB#Luton%20Town%20vs%20nottm%20Forest",
      "pubdate": "Sat, 16 Mar 2024 15:00:00 +0000"
    },
    {
      "title": "Vaughan Gething",
      "link": "https://trends.google.com/trends/trendingsearches/daily?geo=GB#Vaughan%20Gething",
      "pubdate": "Sat, 16 Mar 2024 11:00:00 +0000"
    },
    {
      "title": "Celtic",
      "link": "https://trends.google.com/trends/trendingsearches/daily?geo=GB#Celtic",
      "pubdate": "Sat, 16 Mar 2024 17:00:00 +0000"
    },
    {
      "title": "Burnley vs Brentford",
      "link": "https://trends.google.com/trends/trendingsearches/daily?geo=GB#Burnley%20vs%20Brentford",
      "pubdate": "Sat, 16 Mar 2024 15:00:00 +0000"
    },
    {
      "title": "Casualty",
      "link": "https://trends.google.com/trends/trendingsearches/daily?geo=GB#Casualty",
      "pubdate": "Sat, 16 Mar 2024 22:00:00 +0000"
    },
    {
      "title": "Joe Joyce",
      "link": "https://trends.google.com/trends/trendingsearches/daily?geo=GB#Joe%20Joyce",
      "pubdate": "Sat, 16 Mar 2024 22:00:00 +0000"
    },
    {
      "title": "Swansea City",
      "link": "https://trends.google.com/trends/trendingsearches/daily?geo=GB#Swansea%20City",
      "pubdate": "Sat, 16 Mar 2024 15:00:00 +0000"
    },
    {
      "title": "Ipswich Town vs Sheffield Wednesday",
      "link": "https://trends.google.com/trends/trendingsearches/daily?geo=GB#Ipswich%20Town%20vs%20Sheffield%20Wednesday",
      "pubdate": "Sat, 16 Mar 2024 17:00:00 +0000"
    },
    {
      "title": "Penny Mordaunt",
      "link": "https://trends.google.com/trends/trendingsearches/daily?geo=GB#Penny%20Mordaunt",
      "pubdate": "Sat, 16 Mar 2024 13:00:00 +0000"
    },
    {
      "title": "NUFC",
      "link": "https://trends.google.com/trends/trendingsearches/daily?geo=GB#NUFC",
      "pubdate": "Sat, 16 Mar 2024 20:00:00 +0000"
    },
    {
      "title": "Inter Miami",
      "link": "https://trends.google.com/trends/trendingsearches/daily?geo=GB#Inter%20Miami",
      "pubdate": "Sat, 16 Mar 2024 23:00:00 +0000"
    },
    {
      "title": "Sainsbury's contactless payments",
      "link": "https://trends.google.com/trends/trendingsearches/daily?geo=GB#Sainsbury's%20contactless%20payments",
      "pubdate": "Sat, 16 Mar 2024 21:00:00 +0000"
    },
    {
      "title": "Al Nassr",
      "link": "https://trends.google.com/trends/trendingsearches/daily?geo=GB#Al%20Nassr",
      "pubdate": "Sat, 16 Mar 2024 02:00:00 +0000"
    }
  ]
}