{
  "lastUpdate": "20-10-2024 , 14:35:24",
  "data": [
    {
      "title": "Lời chúc 20/10",
      "link": "https://trends.google.com/trends/trendingsearches/daily?geo=VN#L%E1%BB%9Di%20ch%C3%BAc%2020/10",
      "pubdate": "Sun, 20 Oct 2024 00:00:00 +0700"
    },
    {
      "title": "Celta đấu với Real Madrid",
      "link": "https://trends.google.com/trends/trendingsearches/daily?geo=VN#Celta%20%C4%91%E1%BA%A5u%20v%E1%BB%9Bi%20Real%20Madrid",
      "pubdate": "Sun, 20 Oct 2024 01:00:00 +0700"
    },
    {
      "title": "Wolves đấu với Man City",
      "link": "https://trends.google.com/trends/trendingsearches/daily?geo=VN#Wolves%20%C4%91%E1%BA%A5u%20v%E1%BB%9Bi%20Man%20City",
      "pubdate": "Sun, 20 Oct 2024 15:00:00 +0700"
    },
    {
      "title": "Xoi lac",
      "link": "https://trends.google.com/trends/trendingsearches/daily?geo=VN#Xoi%20lac",
      "pubdate": "Sun, 20 Oct 2024 00:00:00 +0700"
    },
    {
      "title": "Nguyễn Tân Cương",
      "link": "https://trends.google.com/trends/trendingsearches/daily?geo=VN#Nguy%E1%BB%85n%20T%C3%A2n%20C%C6%B0%C6%A1ng",
      "pubdate": "Sun, 20 Oct 2024 11:00:00 +0700"
    },
    {
      "title": "Livescore",
      "link": "https://trends.google.com/trends/trendingsearches/daily?geo=VN#Livescore",
      "pubdate": "Sun, 20 Oct 2024 06:00:00 +0700"
    },
    {
      "title": "Chelsea",
      "link": "https://trends.google.com/trends/trendingsearches/daily?geo=VN#Chelsea",
      "pubdate": "Sun, 20 Oct 2024 01:00:00 +0700"
    },
    {
      "title": "Hàn Quốc Triều Tiên",
      "link": "https://trends.google.com/trends/trendingsearches/daily?geo=VN#H%C3%A0n%20Qu%E1%BB%91c%20Tri%E1%BB%81u%20Ti%C3%AAn",
      "pubdate": "Sun, 20 Oct 2024 17:00:00 +0700"
    },
    {
      "title": "Ngày 20/10",
      "link": "https://trends.google.com/trends/trendingsearches/daily?geo=VN#Ng%C3%A0y%2020/10",
      "pubdate": "Sun, 20 Oct 2024 18:00:00 +0700"
    },
    {
      "title": "Bayern Munich",
      "link": "https://trends.google.com/trends/trendingsearches/daily?geo=VN#Bayern%20Munich",
      "pubdate": "Sun, 20 Oct 2024 00:00:00 +0700"
    },
    {
      "title": "Chúc mừng ngày Phụ nữ Việt Nam 20/10",
      "link": "https://trends.google.com/trends/trendingsearches/daily?geo=VN#Ch%C3%BAc%20m%E1%BB%ABng%20ng%C3%A0y%20Ph%E1%BB%A5%20n%E1%BB%AF%20Vi%E1%BB%87t%20Nam%2020/10",
      "pubdate": "Sun, 20 Oct 2024 08:00:00 +0700"
    },
    {
      "title": "Hoa hồng",
      "link": "https://trends.google.com/trends/trendingsearches/daily?geo=VN#Hoa%20h%E1%BB%93ng",
      "pubdate": "Sun, 20 Oct 2024 13:00:00 +0700"
    },
    {
      "title": "Tô Lâm",
      "link": "https://trends.google.com/trends/trendingsearches/daily?geo=VN#T%C3%B4%20L%C3%A2m",
      "pubdate": "Sun, 20 Oct 2024 19:00:00 +0700"
    },
    {
      "title": "Bang xep hang bong da anh",
      "link": "https://trends.google.com/trends/trendingsearches/daily?geo=VN#Bang%20xep%20hang%20bong%20da%20anh",
      "pubdate": "Sun, 20 Oct 2024 05:00:00 +0700"
    },
    {
      "title": "Ảnh 20/10",
      "link": "https://trends.google.com/trends/trendingsearches/daily?geo=VN#%E1%BA%A2nh%2020/10",
      "pubdate": "Sun, 20 Oct 2024 09:00:00 +0700"
    },
    {
      "title": "Psg",
      "link": "https://trends.google.com/trends/trendingsearches/daily?geo=VN#Psg",
      "pubdate": "Sun, 20 Oct 2024 04:00:00 +0700"
    },
    {
      "title": "Hoa đẹp",
      "link": "https://trends.google.com/trends/trendingsearches/daily?geo=VN#Hoa%20%C4%91%E1%BA%B9p",
      "pubdate": "Sun, 20 Oct 2024 09:00:00 +0700"
    },
    {
      "title": "Juventus",
      "link": "https://trends.google.com/trends/trendingsearches/daily?geo=VN#Juventus",
      "pubdate": "Sun, 20 Oct 2024 04:00:00 +0700"
    },
    {
      "title": "20 thang 10",
      "link": "https://trends.google.com/trends/trendingsearches/daily?geo=VN#20%20thang%2010",
      "pubdate": "Sun, 20 Oct 2024 13:00:00 +0700"
    },
    {
      "title": "Lich thi dau",
      "link": "https://trends.google.com/trends/trendingsearches/daily?geo=VN#Lich%20thi%20dau",
      "pubdate": "Sun, 20 Oct 2024 00:00:00 +0700"
    }
  ]
}